[praytimes.org/index.html]
[backblue.gif]
[fade.gif]
[index.html]
[praytimes.org/favicon.ico]
[praytimes.org/w/opensearch_desc.php]
[praytimes.org/w/index2334.php]
[praytimes.org/w/index890f.php]
[praytimes.org/w/skins/common/shared3905.css]
[praytimes.org/w/skins/praytimes/main3905.css]
[praytimes.org/http]
[praytimes.org/index3905.html]
[praytimes.org/wiki/Main_Page.html]
[praytimes.org/w/skins/common/wikibits3905.js]
[praytimes.org/w/skins/common/ajax3905.js]
[praytimes.org/w/index3d12.php]
[praytimes.org/wiki/File_Masjid-art.html]
[praytimes.org/w/images/b/b4/Masjid-art.jpg]
[praytimes.org/wiki/Prayer_Times_Calculation.html]
[praytimes.org/wiki/Code.html]
[praytimes.org/wiki/Code_Manual.html]
[praytimes.org/wiki/Who_is_using_PrayTimes.html]
[praytimes.org/wiki/File_Addon-popup.html]
[praytimes.org/w/images/c/cc/Addon-popup.png]
[praytimes.org/w/images/e/ed/Addon-install.png]
[praytimes.org/w/skins/common/images/wiki.png]
[praytimes.org/calculation.html]
[praytimes.org/manual.html]
[praytimes.org/about.html]
[praytimes.org/contact.html]
[praytimes.org/audio/index.html]
[praytimes.org/code/index.html]
[praytimes.org/wiki/Special_WhatLinksHere/Main_Page.html]
[praytimes.org/wiki/Special_RecentChangesLinked/Main_Page.html]
[praytimes.org/wiki/Special_SpecialPages.html]
[praytimes.org/w/index078d.html]
[praytimes.org/wiki/Talk_Main_Page]
[praytimes.org/w/index0c49.html]
[praytimes.org/w/indexa1df.html]
[praytimes.org/w/index2db5.html]
[praytimes.org/wiki/Pray_Times_General_disclaimer]
[praytimes.org/wiki/Pray_Times_About.html]
[praytimes.org/w/skins/common/images/poweredby_mediawiki_88x31.png]
[praytimes.org/index.html]
[praytimes.org/w/skins/common/images/feed-icon.png]
[praytimes.org/w/skins/common/images/remove.png]
[praytimes.org/w/skins/common/images/add.png]
[praytimes.org/w/skins/common/images/ajax-loader.gif]
[praytimes.org/w/skins/common/images/spinner.gif]
[praytimes.org/w/skins/common/shared3905.css]
[praytimes.org/w/skins/praytimes/browserdefaults_compact.css]
[praytimes.org/w/skins/praytimes/external.png]
[praytimes.org/w/skins/praytimes/lock_icon.gif]
[praytimes.org/w/skins/praytimes/mail_icon.gif]
[praytimes.org/w/skins/praytimes/news_icon.png]
[praytimes.org/w/skins/praytimes/file_icon.gif]
[praytimes.org/w/skins/praytimes/discussionitem_icon.gif]
[praytimes.org/w/skins/praytimes/header.png]
[praytimes.org/w/skins/praytimes/main3905.css]
[praytimes.org/index3905.html]
[praytimes.org/http.html]
[praytimes.org/wiki/Main_Page3905.html]
[praytimes.org/wiki/Http]
[praytimes.org/wiki/Main_Page.html]
[praytimes.org/w/index4304.php]
[praytimes.org/wiki/File_Masjid-art3905.html]
[praytimes.org/wiki/Masjid-art.jpg]
[praytimes.org/w/images/thumb/b/b4/Masjid-art.jpg/100px-Masjid-art.jpg]
[praytimes.org/wiki/User_Hamid]
[praytimes.org/wiki/User_talk_Hamid]
[praytimes.org/wiki/Special_Contributions/Hamid.html]
[praytimes.org/w/indexb05b.php]
[praytimes.org/wiki/Special_WhatLinksHere/File_Masjid-art.html]
[praytimes.org/wiki/Special_RecentChangesLinked/File_Masjid-art.html]
[praytimes.org/w/indexd588.html]
[praytimes.org/wiki/File_talk_Masjid-art.jpg]
[praytimes.org/w/index7248.html]
[praytimes.org/w/index85ac.html]
[praytimes.org/wiki/File_Masjid-art.html]
[praytimes.org/w/index7950.html]
[praytimes.org/w/indexb978.php]
[praytimes.org/wiki/Prayer_Times_Calculation3905.html]
[praytimes.org/wiki/File_Equation_of_time.html]
[praytimes.org/w/images/thumb/0/00/Equation_of_time.png/360px-Equation_of_time.png]
[praytimes.org/wiki/File_Declination.html]
[praytimes.org/w/images/d/da/Declination.png]
[praytimes.org/wiki/A_note_on_Dhuhr.html]
[praytimes.org/wiki/File_Twilight-formula.html]
[praytimes.org/w/images/3/32/Twilight-formula.gif]
[praytimes.org/wiki/Calculation_Methods.html]
[praytimes.org/wiki/File_Asr-formula.html]
[praytimes.org/w/images/a/a1/Asr-formula.gif]
[praytimes.org/wiki/Special_Categories.html]
[praytimes.org/wiki/Category_Code.html]
[praytimes.org/wiki/Special_WhatLinksHere/Prayer_Times_Calculation.html]
[praytimes.org/wiki/Special_RecentChangesLinked/Prayer_Times_Calculation.html]
[praytimes.org/w/indexfb08.html]
[praytimes.org/wiki/Talk_Prayer_Times_Calculation]
[praytimes.org/w/indexba89.html]
[praytimes.org/w/indexc717.html]
[praytimes.org/wiki/Prayer_Times_Calculation.html]
[praytimes.org/w/index1f66.html]
[praytimes.org/w/index950b.php]
[praytimes.org/wiki/Code3905.html]
[praytimes.org/wiki/Code_Manual_(ver_1).html]
[praytimes.org/code/git/indexba92.html]
[praytimes.org/code/git/index599f.html]
[praytimes.org/wiki/Code_ChangeLog.html]
[praytimes.org/wiki/Special_WhatLinksHere/Code.html]
[praytimes.org/code/git/index92d7.html]
[praytimes.org/code/git/indexba32.html]
[praytimes.org/code/git/indexc652.html]
[praytimes.org/wiki/Special_RecentChangesLinked/Code.html]
[praytimes.org/code/git/index2dc7.html]
[praytimes.org/code/git/indexc658.html]
[praytimes.org/code/git/indexf5ce.html]
[praytimes.org/w/indexfd77.html]
[praytimes.org/wiki/Talk_Code]
[praytimes.org/w/index0736.html]
[praytimes.org/w/index4a76.html]
[praytimes.org/wiki/Code.html]
[praytimes.org/w/indexab46.html]
[praytimes.org/w/indexbe52.php]
[praytimes.org/wiki/Code_Manual3905.html]
[praytimes.org/code/v2/js/PrayTimes.js]
[praytimes.org/code/v2/js/examples/simple.html]
[praytimes.org/code/v2/js/examples/monthly.html]
[praytimes.org/code/v2/js/examples/yearly.html]
[praytimes.org/wiki/Calculation.html]
[praytimes.org/wiki/Special_WhatLinksHere/Code_Manual.html]
[praytimes.org/wiki/Special_RecentChangesLinked/Code_Manual.html]
[praytimes.org/w/index2ff8.html]
[praytimes.org/wiki/Talk_Code_Manual]
[praytimes.org/w/index6064.html]
[praytimes.org/w/index53ab.html]
[praytimes.org/wiki/Code_Manual.html]
[praytimes.org/w/indexe25d.html]
[praytimes.org/w/index5079.php]
[praytimes.org/wiki/Who_is_using_PrayTimes3905.html]
[praytimes.org/wiki/Contact.html]
[praytimes.org/wiki/Special_WhatLinksHere/Who_is_using_PrayTimes.html]
[praytimes.org/wiki/Special_RecentChangesLinked/Who_is_using_PrayTimes.html]
[praytimes.org/w/indexd6b3.html]
[praytimes.org/wiki/Talk_Who_is_using_PrayTimes]
[praytimes.org/w/indexbcd9.html]
[praytimes.org/w/indexe681.html]
[praytimes.org/wiki/Who_is_using_PrayTimes.html]
[praytimes.org/w/index0c91.html]
[praytimes.org/w/index2e0d.php]
[praytimes.org/wiki/File_Addon-popup3905.html]
[praytimes.org/wiki/Addon-popup.png]
[praytimes.org/w/images/thumb/c/cc/Addon-popup.png/120px-Addon-popup.png]
[praytimes.org/w/index2103.php]
[praytimes.org/wiki/Special_WhatLinksHere/File_Addon-popup.html]
[praytimes.org/wiki/Special_RecentChangesLinked/File_Addon-popup.html]
[praytimes.org/w/index5e3f.html]
[praytimes.org/wiki/File_talk_Addon-popup.png]
[praytimes.org/w/index4b74.html]
[praytimes.org/w/index90e1.html]
[praytimes.org/w/index82ee.html]
[praytimes.org/wiki/File_Addon-popup.html]
[praytimes.org/calculation.html]
[praytimes.org/calculation3905.html]
[praytimes.org/manual.html]
[praytimes.org/manual3905.html]
[praytimes.org/code/http]
[praytimes.org/code/index.html]
[praytimes.org/audio/index.html]
[praytimes.org/w/indexe678.php]
[praytimes.org/code/index3905.html]
[praytimes.org/about3905.html]
[praytimes.org/wiki/File_Icon-48.html]
[praytimes.org/w/images/2/25/Icon-48.png]
[praytimes.org/wiki/About.html]
[praytimes.org/wiki/Special_WhatLinksHere/About.html]
[praytimes.org/wiki/Special_RecentChangesLinked/About.html]
[praytimes.org/w/index71db.html]
[praytimes.org/wiki/Talk_About]
[praytimes.org/w/index717e.html]
[praytimes.org/w/index1e3e.html]
[praytimes.org/w/index4ab5.html]
[praytimes.org/about.html]
[praytimes.org/w/indexabdd.php]
[praytimes.org/contact3905.html]
[praytimes.org/wiki/Special_WhatLinksHere/Contact.html]
[praytimes.org/php/contact/index.html]
[praytimes.org/wiki/Special_RecentChangesLinked/Contact.html]
[praytimes.org/w/indexd733.html]
[praytimes.org/wiki/Talk_Contact]
[praytimes.org/w/index1657.html]
[praytimes.org/w/indexb14f.html]
[praytimes.org/contact.html]
[praytimes.org/wiki/Special_WhatLinksHere/Main_Page.html]
[praytimes.org/wiki/Special_RecentChangesLinked/Main_Page.html]
[praytimes.org/wiki/Special_SpecialPages.html]
[praytimes.org/w/index1ff7.html]
[praytimes.org/w/index3905.html]
[praytimes.org/w/http]
[praytimes.org/w/index078d.html]
[praytimes.org/wiki/Talk_Main_Page.html]
[praytimes.org/w/index0c49.html]
[praytimes.org/w/indexa1df.html]
[praytimes.org/w/index2db5.html]
[praytimes.org/wiki/Pray_Times_General_disclaimer.html]
[praytimes.org/w/indexb1b3.html]
[praytimes.org/wiki/Pray_Times_About3905.html]
[praytimes.org/w/index2d40.html]
[praytimes.org/wiki/User_209.95.51.187]
[praytimes.org/wiki/User_talk_209.95.51.187]
[praytimes.org/wiki/Pray_Times_About.html]
[praytimes.org/w/skins/praytimes/browserdefaults_compact.css]
[praytimes.org/wiki/Main_Page3905.html]
[praytimes.org/wiki/Http.html]
[praytimes.org/w/index700f.html]
[praytimes.org/wiki/File_Masjid-art3905.html]
[praytimes.org/wiki/Masjid-art.html]
[praytimes.org/wiki/User_Hamid.html]
[praytimes.org/wiki/User_talk_Hamid.html]
[praytimes.org/wiki/Special_Contributions/Hamid.html]
[praytimes.org/wiki/Special_WhatLinksHere/File_Masjid-art.html]
[praytimes.org/wiki/Special_RecentChangesLinked/File_Masjid-art.html]
[praytimes.org/w/indexafce.html]
[praytimes.org/w/Masjid-art.jpg]
[praytimes.org/w/indexd588.html]
[praytimes.org/wiki/File_talk_Masjid-art.html]
[praytimes.org/w/index7248.html]
[praytimes.org/w/index85ac.html]
[praytimes.org/w/index7950.html]
[praytimes.org/w/indexdbe8.html]
[praytimes.org/wiki/Prayer_Times_Calculation3905.html]
[praytimes.org/w/indexd46c.html]
[praytimes.org/w/index38be.php]
[praytimes.org/wiki/File_Equation_of_time3905.html]
[praytimes.org/wiki/Equation_of_time.png]
[praytimes.org/w/images/0/00/Equation_of_time.png]
[praytimes.org/w/images/thumb/0/00/Equation_of_time.png/120px-Equation_of_time.png]
[praytimes.org/wiki/User_Admin]
[praytimes.org/wiki/User_talk_Admin]
[praytimes.org/wiki/Special_Contributions/Admin.html]
[praytimes.org/w/index9c38.php]
[praytimes.org/wiki/Special_WhatLinksHere/File_Equation_of_time.html]
[praytimes.org/wiki/Special_RecentChangesLinked/File_Equation_of_time.html]
[praytimes.org/w/index0107.html]
[praytimes.org/wiki/File_talk_Equation_of_time.png]
[praytimes.org/w/index0fbb.html]
[praytimes.org/w/index9169.html]
[praytimes.org/wiki/File_Equation_of_time.html]
[praytimes.org/w/indexb1f2.html]
[praytimes.org/w/indexc4e8.php]
[praytimes.org/wiki/File_Declination3905.html]
[praytimes.org/wiki/Declination.png]
[praytimes.org/w/images/thumb/d/da/Declination.png/120px-Declination.png]
[praytimes.org/w/index69a0.php]
[praytimes.org/wiki/Special_WhatLinksHere/File_Declination.html]
[praytimes.org/wiki/Special_RecentChangesLinked/File_Declination.html]
[praytimes.org/w/index5a50.html]
[praytimes.org/wiki/File_talk_Declination.png]
[praytimes.org/w/index03b0.html]
[praytimes.org/w/index97df.html]
[praytimes.org/wiki/File_Declination.html]
[praytimes.org/w/index4849.html]
[praytimes.org/w/indexd698.php]
[praytimes.org/wiki/A_note_on_Dhuhr3905.html]
[praytimes.org/wiki/Special_WhatLinksHere/A_note_on_Dhuhr.html]
[praytimes.org/wiki/Special_RecentChangesLinked/A_note_on_Dhuhr.html]
[praytimes.org/w/indexc317.html]
[praytimes.org/wiki/Talk_A_note_on_Dhuhr]
[praytimes.org/w/index2d04.html]
[praytimes.org/w/index283e.html]
[praytimes.org/w/index1081.html]
[praytimes.org/wiki/A_note_on_Dhuhr.html]
[praytimes.org/w/index33bb.php]
[praytimes.org/wiki/File_Twilight-formula3905.html]
[praytimes.org/wiki/Twilight-formula.gif]
[praytimes.org/w/images/thumb/3/32/Twilight-formula.gif/120px-Twilight-formula.gif]
[praytimes.org/w/index21f6.php]
[praytimes.org/wiki/Special_WhatLinksHere/File_Twilight-formula.html]
[praytimes.org/wiki/Special_RecentChangesLinked/File_Twilight-formula.html]
[praytimes.org/w/indexc0cc.html]
[praytimes.org/wiki/File_talk_Twilight-formula.gif]
[praytimes.org/w/index777a.html]
[praytimes.org/w/indexca3d.html]
[praytimes.org/w/index6a02.html]
[praytimes.org/wiki/File_Twilight-formula.html]
[praytimes.org/w/index28e6.php]
[praytimes.org/wiki/Calculation_Methods3905.html]
[praytimes.org/wiki/Special_WhatLinksHere/Calculation_Methods.html]
[praytimes.org/wiki/Special_RecentChangesLinked/Calculation_Methods.html]
[praytimes.org/w/indexb7d4.html]
[praytimes.org/wiki/Talk_Calculation_Methods]
[praytimes.org/w/index8a07.html]
[praytimes.org/w/index280e.html]
[praytimes.org/wiki/Calculation_Methods.html]
[praytimes.org/w/index632d.html]
[praytimes.org/w/index7278.php]
[praytimes.org/wiki/File_Asr-formula3905.html]
[praytimes.org/wiki/Asr-formula.gif]
[praytimes.org/w/images/thumb/a/a1/Asr-formula.gif/120px-Asr-formula.gif]
[praytimes.org/w/images/archive/a/a1/20091221174535!Asr-formula.gif]
[praytimes.org/w/images/thumb/archive/a/a1/20091221174535!Asr-formula.gif/120px-Asr-formula.gif]
[praytimes.org/w/index6838.php]
[praytimes.org/wiki/Special_WhatLinksHere/File_Asr-formula.html]
[praytimes.org/wiki/Special_RecentChangesLinked/File_Asr-formula.html]
[praytimes.org/w/index88ee.html]
[praytimes.org/wiki/File_talk_Asr-formula.gif]
[praytimes.org/w/index9706.html]
[praytimes.org/w/index3fb1.html]
[praytimes.org/w/index2d1a.html]
[praytimes.org/wiki/File_Asr-formula.html]
[praytimes.org/wiki/Special_Categories.html]
[praytimes.org/w/index67cf.php]
[praytimes.org/wiki/Category_Code3905.html]
[praytimes.org/wiki/Special_WhatLinksHere/Category_Code.html]
[praytimes.org/wiki/Special_RecentChangesLinked/Category_Code.html]
[praytimes.org/w/index92ad.html]
[praytimes.org/wiki/Category_talk_Code]
[praytimes.org/w/index9985.html]
[praytimes.org/w/indexbb3b.html]
[praytimes.org/wiki/Category_Code.html]
[praytimes.org/wiki/Special_WhatLinksHere/Prayer_Times_Calculation.html]
[praytimes.org/wiki/Special_RecentChangesLinked/Prayer_Times_Calculation.html]
[praytimes.org/w/index9dcf.html]
[praytimes.org/w/indexfb08.html]
[praytimes.org/wiki/Talk_Prayer_Times_Calculation.html]
[praytimes.org/w/indexba89.html]
[praytimes.org/w/indexc717.html]
[praytimes.org/w/index1f66.html]
[praytimes.org/w/indexd891.html]
[praytimes.org/wiki/Code3905.html]
[praytimes.org/w/index5c90.html]
[praytimes.org/code/git/default.css]
[praytimes.org/code/git/favicon.png]
[praytimes.org/code/git/.html]
[praytimes.org/code/git/indexba92.html]
[praytimes.org/code/git/indexa4ff.html]
[praytimes.org/code/git/index599f.html]
[praytimes.org/code/git/indexd868.html]
[praytimes.org/code/git/indexa5d2.html]
[praytimes.org/code/git/indexc0f0.html]
[praytimes.org/code/git/index07b3.html]
[praytimes.org/w/index9208.php]
[praytimes.org/code/git/index0abc.html]
[praytimes.org/code/git/index7570.html]
[praytimes.org/code/git/index45a2.html]
[praytimes.org/code/git/indexdbee.html]
[praytimes.org/wiki/Code_Manual_(ver_1)3905.html]
[praytimes.org/code/git/index0b7b.html]
[praytimes.org/code/git/index34bc.html]
[praytimes.org/code/v1/js/PrayTime.js]
[praytimes.org/code/git/indexefc9.html]
[praytimes.org/code/git/index61cd.html]
[praytimes.org/code/git/indexfff6.html]
[praytimes.org/code/v1/js/examples/simple.html]
[praytimes.org/code/git/index6dbe.html]
[praytimes.org/code/git/index4cee.html]
[praytimes.org/code/git/index6d51.html]
[praytimes.org/code/git/index26ab.html]
[praytimes.org/code/v1/js/examples/monthly.html]
[praytimes.org/code/git/indexafc7.html]
[praytimes.org/code/git/index9b11.html]
[praytimes.org/code/git/indexab3f.html]
[praytimes.org/code/v1/js/examples/yearly.html]
[praytimes.org/code/git/index2d62.html]
[praytimes.org/code/git/index7d32.html]
[praytimes.org/wiki/Special_WhatLinksHere/Code_Manual_(ver_1).html]
[praytimes.org/wiki/Special_RecentChangesLinked/Code_Manual_(ver_1).html]
[praytimes.org/w/index0ae2.html]
[praytimes.org/wiki/Talk_Code_Manual_(ver_1)]
[praytimes.org/w/indexbd36.html]
[praytimes.org/w/index41a5.html]
[praytimes.org/wiki/Code_Manual_(ver_1).html]
[praytimes.org/w/index2774.html]
[praytimes.org/w/indexb41d.php]
[praytimes.org/wiki/Code_ChangeLog3905.html]
[praytimes.org/wiki/Special_WhatLinksHere/Code_ChangeLog.html]
[praytimes.org/wiki/Special_RecentChangesLinked/Code_ChangeLog.html]
[praytimes.org/w/index8120.html]
[praytimes.org/wiki/Talk_Code_ChangeLog]
[praytimes.org/w/index4b82.html]
[praytimes.org/w/index4a42.html]
[praytimes.org/wiki/Code_ChangeLog.html]
[praytimes.org/code/git/indexc652.html]
[praytimes.org/w/index1607.html]
[praytimes.org/code/git/index92d7.html]
[praytimes.org/code/git/indexd9e1.html]
[praytimes.org/code/git/index63e3.html]
[praytimes.org/code/git/index1ac1.html]
[praytimes.org/code/git/indexba32.html]
[praytimes.org/code/git/indexeff7.html]
[praytimes.org/code/git/index4aac.html]
[praytimes.org/code/git/index2dc3.html]
[praytimes.org/code/git/indexc658.html]
[praytimes.org/code/git/indexf5ce.html]
[praytimes.org/code/git/indexd735.html]
[praytimes.org/code/git/index82c3.html]
[praytimes.org/code/git/index99fa.html]
[praytimes.org/code/git/index2dc7.html]
[praytimes.org/code/git/index7a7f.html]
[praytimes.org/code/git/index0b9c.html]
[praytimes.org/code/git/index4835.html]
[praytimes.org/wiki/Special_WhatLinksHere/Code.html]
[praytimes.org/code/git/indexb3c0.html]
[praytimes.org/code/git/index50f5.html]
[praytimes.org/code/git/indexc276.html]
[praytimes.org/code/git/indexddc3.html]
[praytimes.org/wiki/Special_RecentChangesLinked/Code.html]
[praytimes.org/code/git/indexdca4.html]
[praytimes.org/code/git/indexccf5.html]
[praytimes.org/w/indexfd77.html]
[praytimes.org/code/git/index6fe5.html]
[praytimes.org/w/index1597.html]
[praytimes.org/code/git/indexb5dd.html]
[praytimes.org/wiki/Talk_Code.html]
[praytimes.org/w/index0736.html]
[praytimes.org/code/git/index038a.html]
[praytimes.org/code/git/index5eb0.html]
[praytimes.org/w/index4a76.html]
[praytimes.org/w/indexab46.html]
[praytimes.org/code/git/indexb05a.html]
[praytimes.org/code/git/index9dec.html]
[praytimes.org/code/git/indexb5d1.html]
[praytimes.org/code/git/indexd328.html]
[praytimes.org/wiki/Code_Manual3905.html]
[praytimes.org/w/indexc413.html]
[praytimes.org/code/git/index6dc8.html]
[praytimes.org/code/git/index31a4.html]
[praytimes.org/code/v2/js/examples/simple.html]
[praytimes.org/code/git/indexeb1e.html]
[praytimes.org/code/git/indexe2d2.html]
[praytimes.org/code/v2/js/examples/monthly.html]
[praytimes.org/code/git/index514a.html]
[praytimes.org/code/v2/js/examples/yearly.html]
[praytimes.org/code/git/index1946.html]
[praytimes.org/code/git/indexd07b.html]
[praytimes.org/code/git/indexd986.html]
[praytimes.org/code/git/index791e.html]
[praytimes.org/wiki/Calculation3905.html]
[praytimes.org/code/git/index2e5b.html]
[praytimes.org/code/git/index369d.html]
[praytimes.org/code/git/index79d8.html]
[praytimes.org/wiki/Calculation.html]
[praytimes.org/w/indexe89d.html]
[praytimes.org/wiki/Special_WhatLinksHere/Code_Manual.html]
[praytimes.org/code/git/indexc97c.html]
[praytimes.org/code/git/index80df.html]
[praytimes.org/wiki/Special_RecentChangesLinked/Code_Manual.html]
[praytimes.org/code/git/index3df2.html]
[praytimes.org/code/git/index723b.html]
[praytimes.org/code/git/indexe1ba.html]
[praytimes.org/code/git/indexd406.html]
[praytimes.org/w/index8b11.html]
[praytimes.org/code/git/indexb343.html]
[praytimes.org/w/index2ff8.html]
[praytimes.org/wiki/Talk_Code_Manual.html]
[praytimes.org/w/index6064.html]
[praytimes.org/w/index53ab.html]
[praytimes.org/w/indexe25d.html]
[praytimes.org/code/git/index9f2a.html]
[praytimes.org/wiki/Who_is_using_PrayTimes3905.html]
[praytimes.org/w/index854a.html]
[praytimes.org/wiki/Contact.html]
[praytimes.org/pub/url/index0ed8.html]
[praytimes.org/pub/url/index32a6.html]
[praytimes.org/pub/url/indexd482.html]
[praytimes.org/pub/url/index973e.html]
[praytimes.org/pub/url/indexb49c.html]
[praytimes.org/pub/url/index8484.html]
[praytimes.org/pub/url/index0194.html]
[praytimes.org/pub/url/index26b5.html]
[praytimes.org/pub/url/indexe88f.html]
[praytimes.org/pub/url/index8987.html]
[praytimes.org/pub/url/index8e96.html]
[praytimes.org/pub/url/index409d.html]
[praytimes.org/pub/url/index8266.html]
[praytimes.org/pub/url/indexd960.html]
[praytimes.org/pub/url/indexdffc.html]
[praytimes.org/pub/url/indexe4c2.html]
[praytimes.org/pub/url/index2fc8.html]
[praytimes.org/pub/url/indexb253.html]
[praytimes.org/pub/url/indexc016.html]
[praytimes.org/pub/url/index0110.html]
[praytimes.org/wiki/Special_WhatLinksHere/Who_is_using_PrayTimes.html]
[praytimes.org/wiki/Special_RecentChangesLinked/Who_is_using_PrayTimes.html]
[praytimes.org/wiki/Contact3905.html]
[praytimes.org/w/index554b.html]
[praytimes.org/w/indexd6b3.html]
[praytimes.org/wiki/Talk_Who_is_using_PrayTimes.html]
[praytimes.org/w/indexbcd9.html]
[praytimes.org/w/indexe681.html]
[praytimes.org/w/index0c91.html]
[praytimes.org/wiki/File_Addon-popup3905.html]
[praytimes.org/wiki/Addon-popup.html]
[praytimes.org/wiki/Special_WhatLinksHere/File_Addon-popup.html]
[praytimes.org/wiki/Special_RecentChangesLinked/File_Addon-popup.html]
[praytimes.org/w/indexf4fa.html]
[praytimes.org/w/Addon-popup.png]
[praytimes.org/w/index7309.html]
[praytimes.org/w/index5e3f.html]
[praytimes.org/wiki/File_talk_Addon-popup.html]
[praytimes.org/w/index4b74.html]
[praytimes.org/w/index90e1.html]
[praytimes.org/w/index82ee.html]
[praytimes.org/calculation3905.html]
[praytimes.org/manual3905.html]
[praytimes.org/code/index3905.html]
[praytimes.org/code/http.html]
[praytimes.org/about3905.html]
[praytimes.org/w/index997e.php]
[praytimes.org/wiki/File_Icon-483905.html]
[praytimes.org/wiki/Icon-48.png]
[praytimes.org/w/index88ba.php]
[praytimes.org/wiki/Special_WhatLinksHere/File_Icon-48.html]
[praytimes.org/wiki/Special_RecentChangesLinked/File_Icon-48.html]
[praytimes.org/w/indexd2c2.html]
[praytimes.org/wiki/File_talk_Icon-48.png]
[praytimes.org/w/index2af8.html]
[praytimes.org/w/index403c.html]
[praytimes.org/w/index5f7b.html]
[praytimes.org/wiki/File_Icon-48.html]
[praytimes.org/wiki/About.html]
[praytimes.org/wiki/Special_WhatLinksHere/About.html]
[praytimes.org/wiki/Special_RecentChangesLinked/About.html]
[praytimes.org/wiki/About3905.html]
[praytimes.org/w/indexd878.html]
[praytimes.org/w/index71db.html]
[praytimes.org/wiki/Talk_About.html]
[praytimes.org/w/index717e.html]
[praytimes.org/w/index1e3e.html]
[praytimes.org/w/index4ab5.html]
[praytimes.org/contact3905.html]
[praytimes.org/php/contact/ajax.js]
[praytimes.org/images/ajax-loader.gif]
[praytimes.org/php/contact/receive.html]
[praytimes.org/php/contact/index.html]
[praytimes.org/wiki/Special_WhatLinksHere/Contact.html]
[praytimes.org/wiki/Special_RecentChangesLinked/Contact.html]
[praytimes.org/w/indexc0a6.html]
[praytimes.org/w/indexd733.html]
[praytimes.org/wiki/Talk_Contact.html]
[praytimes.org/w/index1657.html]
[praytimes.org/w/indexb14f.html]
[praytimes.org/w/index1ff7.html]
[praytimes.org/w/index3905.html]
[praytimes.org/w/http.html]
[praytimes.org/w/indexb1b3.html]
[praytimes.org/wiki/Pray_Times_About3905.html]
[praytimes.org/w/index7b36.html]
[praytimes.org/w/index3bf8.php]
[praytimes.org/w/skins/common/images/redirectltr.png]
[praytimes.org/wiki/Special_WhatLinksHere/Pray_Times_About.html]
[praytimes.org/wiki/Special_RecentChangesLinked/Pray_Times_About.html]
[praytimes.org/w/index97ad.html]
[praytimes.org/wiki/Pray_Times_talk_About]
[praytimes.org/w/indexa45b.html]
[praytimes.org/w/index7066.html]
[praytimes.org/w/index9e6c.html]
[praytimes.org/w/index2d40.html]
[praytimes.org/wiki/User_209.95.51.html]
[praytimes.org/wiki/User_talk_209.95.51.html]
[praytimes.org/w/index700f.html]
[praytimes.org/w/indexafce.html]
[praytimes.org/w/Masjid-art.html]
[praytimes.org/w/indexdbe8.html]
[praytimes.org/w/indexd46c.html]
[praytimes.org/wiki/File_Equation_of_time3905.html]
[praytimes.org/wiki/Equation_of_time.html]
[praytimes.org/wiki/User_Admin.html]
[praytimes.org/wiki/User_talk_Admin.html]
[praytimes.org/wiki/Special_Contributions/Admin.html]
[praytimes.org/wiki/Special_WhatLinksHere/File_Equation_of_time.html]
[praytimes.org/wiki/Special_RecentChangesLinked/File_Equation_of_time.html]
[praytimes.org/w/index52d5.html]
[praytimes.org/w/Equation of time.png]
[praytimes.org/w/index0107.html]
[praytimes.org/wiki/File_talk_Equation_of_time.html]
[praytimes.org/w/index0fbb.html]
[praytimes.org/w/index9169.html]
[praytimes.org/w/indexb1f2.html]
[praytimes.org/w/index0c3f.html]
[praytimes.org/wiki/File_Declination3905.html]
[praytimes.org/wiki/Declination.html]
[praytimes.org/wiki/Special_WhatLinksHere/File_Declination.html]
[praytimes.org/wiki/Special_RecentChangesLinked/File_Declination.html]
[praytimes.org/w/indexaad3.html]
[praytimes.org/w/Declination.png]
[praytimes.org/w/index5a50.html]
[praytimes.org/wiki/File_talk_Declination.html]
[praytimes.org/w/index03b0.html]
[praytimes.org/w/index97df.html]
[praytimes.org/w/index4849.html]
[praytimes.org/w/indexc0b8.html]
[praytimes.org/wiki/A_note_on_Dhuhr3905.html]
[praytimes.org/wiki/Special_WhatLinksHere/A_note_on_Dhuhr.html]
[praytimes.org/wiki/Special_RecentChangesLinked/A_note_on_Dhuhr.html]
[praytimes.org/w/indexfb46.html]
[praytimes.org/w/indexc317.html]
[praytimes.org/wiki/Talk_A_note_on_Dhuhr.html]
[praytimes.org/w/index2d04.html]
[praytimes.org/w/index283e.html]
[praytimes.org/w/index1081.html]
[praytimes.org/w/index7f7a.html]
[praytimes.org/wiki/File_Twilight-formula3905.html]
[praytimes.org/wiki/Twilight-formula.html]
[praytimes.org/wiki/Special_WhatLinksHere/File_Twilight-formula.html]
[praytimes.org/wiki/Special_RecentChangesLinked/File_Twilight-formula.html]
[praytimes.org/w/index973e.html]
[praytimes.org/w/Twilight-formula.gif]
[praytimes.org/w/indexc0cc.html]
[praytimes.org/wiki/File_talk_Twilight-formula.html]
[praytimes.org/w/index777a.html]
[praytimes.org/w/indexca3d.html]
[praytimes.org/w/index6a02.html]
[praytimes.org/w/index3029.html]
[praytimes.org/w/indexc511.html]
[praytimes.org/wiki/Calculation_Methods3905.html]
[praytimes.org/wiki/Special_WhatLinksHere/Calculation_Methods.html]
[praytimes.org/wiki/Special_RecentChangesLinked/Calculation_Methods.html]
[praytimes.org/w/indexa2ba.html]
[praytimes.org/w/indexb7d4.html]
[praytimes.org/wiki/Talk_Calculation_Methods.html]
[praytimes.org/w/index8a07.html]
[praytimes.org/w/index280e.html]
[praytimes.org/w/index632d.html]
[praytimes.org/wiki/File_Asr-formula3905.html]
[praytimes.org/wiki/Asr-formula.html]
[praytimes.org/wiki/Special_WhatLinksHere/File_Asr-formula.html]
[praytimes.org/wiki/Special_RecentChangesLinked/File_Asr-formula.html]
[praytimes.org/w/index5623.html]
[praytimes.org/w/Asr-formula.gif]
[praytimes.org/w/index7464.html]
[praytimes.org/w/index88ee.html]
[praytimes.org/wiki/File_talk_Asr-formula.html]
[praytimes.org/w/index9706.html]
[praytimes.org/w/index3fb1.html]
[praytimes.org/w/index2d1a.html]
[praytimes.org/wiki/Category_Code3905.html]
[praytimes.org/wiki/Special_WhatLinksHere/Category_Code.html]
[praytimes.org/wiki/Special_RecentChangesLinked/Category_Code.html]
[praytimes.org/w/indexc5a7.html]
[praytimes.org/w/index92ad.html]
[praytimes.org/wiki/Category_talk_Code.html]
[praytimes.org/w/index9985.html]
[praytimes.org/w/indexbb3b.html]
[praytimes.org/w/index9dcf.html]
[praytimes.org/w/indexd891.html]
[praytimes.org/w/index5c90.html]
[praytimes.org/w/indexc8b1.html]
[praytimes.org/code/git/images/silk/chart_organisation.png]
[praytimes.org/code/git/images/silk/page_white_compressed.png]
[praytimes.org/code/git/images/silk/page_white_zip.png]
[praytimes.org/code/git/images/silk/commit_diff.png]
[praytimes.org/code/git/images/silk/page_white_code_red.png]
[praytimes.org/code/git/images/viewgit.png]
[praytimes.org/code/git/images/silk/folder.png]
[praytimes.org/code/git/images/silk/page_white_text.png]
[praytimes.org/code/git/default.css]
[praytimes.org/code/git/c0f0.html]
[praytimes.org/code/git/8b7a.html]
[praytimes.org/code/git/PrayTimes-tree-637f054.tar0c36.gz_;]
[praytimes.org/code/git/.html]
[praytimes.org/code/git/indexc0f0.html]
[praytimes.org/code/git/PrayTimes-tree-637f0549735.zip_;]
[praytimes.org/code/git/index14db.html]
[praytimes.org/code/git/indexa5d2.html]
[praytimes.org/code/git/index80ff.html]
[praytimes.org/code/git/indexd868.html]
[praytimes.org/code/git/index8b7a.html]
[praytimes.org/code/git/index07b3.html]
[praytimes.org/code/git/indexac17.html]
[praytimes.org/code/git/index0c36.html]
[praytimes.org/code/git/index9735.html]
[praytimes.org/code/git/index45a2.html]
[praytimes.org/code/git/index59dd.html]
[praytimes.org/code/git/index7570.html]
[praytimes.org/code/git/index892d.html]
[praytimes.org/code/git/index0abc.html]
[praytimes.org/code/git/indexdbee.html]
[praytimes.org/code/git/index1d2d.html]
[praytimes.org/code/git/index5cd0.html]
[praytimes.org/code/git/index7db3.html]
[praytimes.org/code/git/index34bc.html]
[praytimes.org/code/git/indexa310.html]
[praytimes.org/code/git/index4cee.html]
[praytimes.org/code/git/index33a3.html]
[praytimes.org/code/git/index2c1e.html]
[praytimes.org/code/git/index6dbe.html]
[praytimes.org/code/git/index6d51.html]
[praytimes.org/code/git/index9333.html]
[praytimes.org/code/git/index26ab.html]
[praytimes.org/code/git/indexf583.html]
[praytimes.org/code/git/index1c6b.html]
[praytimes.org/code/git/indexc976.html]
[praytimes.org/code/git/indexab3f.html]
[praytimes.org/code/git/index3b23.html]
[praytimes.org/code/git/index7c27.html]
[praytimes.org/code/git/index5c53.html]
[praytimes.org/w/index86b6.html]
[praytimes.org/wiki/Code_Manual_(ver_1)3905.html]
[praytimes.org/code/git/indexa3ec.html]
[praytimes.org/code/v1/js/examples/simple.html]
[praytimes.org/code/git/indexef10.html]
[praytimes.org/code/v1/js/examples/monthly.html]
[praytimes.org/code/git/index468d.html]
[praytimes.org/code/git/index1ec1.html]
[praytimes.org/code/v1/js/examples/yearly.html]
[praytimes.org/code/git/indexfc88.html]
[praytimes.org/code/git/index11e7.html]
[praytimes.org/wiki/Special_WhatLinksHere/Code_Manual_(ver_1).html]
[praytimes.org/code/git/index2a14.html]
[praytimes.org/wiki/Special_RecentChangesLinked/Code_Manual_(ver_1).html]
[praytimes.org/code/git/index8a58.html]
[praytimes.org/code/git/index8b48.html]
[praytimes.org/w/index0ae2.html]
[praytimes.org/w/index190a.html]
[praytimes.org/wiki/Talk_Code_Manual_(ver_1).html]
[praytimes.org/code/git/indexc03d.html]
[praytimes.org/code/git/indexdd5f.html]
[praytimes.org/code/git/indexc990.html]
[praytimes.org/w/indexbd36.html]
[praytimes.org/w/index41a5.html]
[praytimes.org/code/git/index68a9.html]
[praytimes.org/w/index2774.html]
[praytimes.org/code/git/indexd541.html]
[praytimes.org/code/git/index6323.html]
[praytimes.org/code/git/index6357.html]
[praytimes.org/code/git/index8645.html]
[praytimes.org/wiki/Code_ChangeLog3905.html]
[praytimes.org/code/git/index0d5f.html]
[praytimes.org/w/indexd970.html]
[praytimes.org/wiki/Special_WhatLinksHere/Code_ChangeLog.html]
[praytimes.org/code/git/index260a.html]
[praytimes.org/wiki/Special_RecentChangesLinked/Code_ChangeLog.html]
[praytimes.org/code/git/index43f7.html]
[praytimes.org/code/git/indexe180.html]
[praytimes.org/code/git/index71a4.html]
[praytimes.org/w/index7a89.html]
[praytimes.org/w/index8120.html]
[praytimes.org/code/git/index52db.html]
[praytimes.org/code/git/index4361.html]
[praytimes.org/code/git/indexcd55.html]
[praytimes.org/wiki/Talk_Code_ChangeLog.html]
[praytimes.org/w/index4b82.html]
[praytimes.org/code/git/index9ff4.html]
[praytimes.org/w/index4a42.html]
[praytimes.org/code/git/indexcabc.html]
[praytimes.org/w/index1607.html]
[praytimes.org/code/git/index25fe.html]
[praytimes.org/code/git/index5082.html]
[praytimes.org/code/git/indexd9e1.html]
[praytimes.org/code/git/index8ba2.html]
[praytimes.org/code/git/index1ac1.html]
[praytimes.org/code/git/indexeff7.html]
[praytimes.org/code/git/index2c6f.html]
[praytimes.org/code/git/index82c3.html]
[praytimes.org/code/git/indexd735.html]
[praytimes.org/code/git/index8715.html]
[praytimes.org/code/git/indexf064.html]
[praytimes.org/code/git/index53a3.html]
[praytimes.org/code/git/index4835.html]
[praytimes.org/code/git/index0b9c.html]
[praytimes.org/code/git/index713f.html]
[praytimes.org/code/git/indexc276.html]
[praytimes.org/code/git/index3300.html]
[praytimes.org/code/git/indexddc3.html]
[praytimes.org/code/git/index4345.html]
[praytimes.org/code/git/indexb5dd.html]
[praytimes.org/code/git/indexceed.html]
[praytimes.org/code/git/index1a45.html]
[praytimes.org/code/git/index038a.html]
[praytimes.org/code/git/indexb605.html]
[praytimes.org/code/git/index5eb0.html]
[praytimes.org/code/git/index92f9.html]
[praytimes.org/code/git/indexc56e.html]
[praytimes.org/code/git/index9dec.html]
[praytimes.org/code/git/indexcfea.html]
[praytimes.org/code/git/indexbefc.html]
[praytimes.org/code/git/indexd328.html]
[praytimes.org/code/git/indexb67c.html]
[praytimes.org/code/git/indexe2d2.html]
[praytimes.org/code/git/indexd0e7.html]
[praytimes.org/code/git/index514a.html]
[praytimes.org/code/git/indexb9ff.html]
[praytimes.org/code/git/index1946.html]
[praytimes.org/code/git/index5f6f.html]
[praytimes.org/code/git/index1c12.html]
[praytimes.org/code/git/indexd07b.html]
[praytimes.org/code/git/index1dac.html]
[praytimes.org/code/git/indexd986.html]
[praytimes.org/code/git/index572e.html]
[praytimes.org/code/git/indexc97c.html]
[praytimes.org/code/git/index628a.html]
[praytimes.org/code/git/index2530.html]
[praytimes.org/code/git/index80df.html]
[praytimes.org/code/git/indexe9df.html]
[praytimes.org/code/git/index65a9.html]
[praytimes.org/code/git/index723b.html]
[praytimes.org/code/git/index4516.html]
[praytimes.org/code/git/index06e6.html]
[praytimes.org/code/git/indexe1ba.html]
[praytimes.org/code/git/index5dd0.html]
[praytimes.org/code/git/index6d34.html]
[praytimes.org/w/index1597.html]
[praytimes.org/code/git/index9c4f.html]
[praytimes.org/code/git/indexcb96.html]
[praytimes.org/w/indexc413.html]
[praytimes.org/code/git/indexf33e.html]
[praytimes.org/code/git/index0c6c.html]
[praytimes.org/wiki/Calculation3905.html]
[praytimes.org/code/git/index7dff.html]
[praytimes.org/code/git/indexabe6.html]
[praytimes.org/w/index1d1d.php]
[praytimes.org/code/git/indexafea.html]
[praytimes.org/code/git/index35d1.html]
[praytimes.org/code/git/indexf3a7.html]
[praytimes.org/wiki/Special_WhatLinksHere/Calculation.html]
[praytimes.org/code/git/indexf5b6.html]
[praytimes.org/code/git/index9981.html]
[praytimes.org/code/git/indexd668.html]
[praytimes.org/wiki/Special_RecentChangesLinked/Calculation.html]
[praytimes.org/code/git/indexdfb3.html]
[praytimes.org/code/git/index4ee3.html]
[praytimes.org/code/git/index1a82.html]
[praytimes.org/w/index84f2.html]
[praytimes.org/code/git/index25fe-2.html]
[praytimes.org/code/git/indexf6dc.html]
[praytimes.org/code/git/index46a0.html]
[praytimes.org/code/git/indexa5b2.html]
[praytimes.org/code/git/indexb1b4.html]
[praytimes.org/wiki/Talk_Calculation]
[praytimes.org/code/git/indexf6fc.html]
[praytimes.org/code/git/indexe88a.html]
[praytimes.org/code/git/index40b6.html]
[praytimes.org/code/git/index959d.html]
[praytimes.org/w/index687c.html]
[praytimes.org/code/git/index7e8f.html]
[praytimes.org/w/indexc989.html]
[praytimes.org/code/git/index15aa.html]
[praytimes.org/w/index7503.html]
[praytimes.org/w/indexe89d.html]
[praytimes.org/code/git/index80bd.html]
[praytimes.org/code/git/indexeaa4.html]
[praytimes.org/code/git/index42a2.html]
[praytimes.org/code/git/indexd61b.html]
[praytimes.org/w/index8b11.html]
[praytimes.org/code/git/index84b5.html]
[praytimes.org/code/git/index3443.html]
[praytimes.org/w/index854a.html]
[praytimes.org/code/git/index8dc7.html]
[praytimes.org/code/git/index24d7.html]
[praytimes.org/wiki/Contact3905.html]
[praytimes.org/w/indexdc72.html]
[praytimes.org/code/git/index97de.html]
[praytimes.org/code/git/index5c24.html]
[praytimes.org/w/index554b.html]
[praytimes.org/code/git/index1bff.html]
[praytimes.org/w/indexf4fa.html]
[praytimes.org/code/git/indexf530.html]
[praytimes.org/code/git/index7f81.html]
[praytimes.org/code/git/index0d51.html]
[praytimes.org/w/Addon-popup.html]
[praytimes.org/code/git/index3267.html]
[praytimes.org/w/index7309.html]
[praytimes.org/code/git/index8c35.html]
[praytimes.org/code/git/index4e88.html]
[praytimes.org/code/git/index2451.html]
[praytimes.org/code/git/index119d.html]
[praytimes.org/wiki/File_Icon-483905.html]
[praytimes.org/w/indexe705.html]
[praytimes.org/wiki/Icon-48.html]
[praytimes.org/code/git/index9d4a.html]
[praytimes.org/code/git/index2905.html]
[praytimes.org/wiki/Special_WhatLinksHere/File_Icon-48.html]
[praytimes.org/code/git/indexcea3.html]
[praytimes.org/code/git/indexb6ba.html]
[praytimes.org/wiki/Special_RecentChangesLinked/File_Icon-48.html]
[praytimes.org/code/git/indexa93e.html]
[praytimes.org/code/git/index6e81.html]
[praytimes.org/code/git/index522e.html]
[praytimes.org/code/git/indexae66.html]
[praytimes.org/w/Icon-48.png]
[praytimes.org/code/git/index8a75.html]
[praytimes.org/code/git/indexae69.html]
[praytimes.org/code/git/indexc4c3.html]
[praytimes.org/code/git/index2ae5.html]
[praytimes.org/w/index63e5.html]
[praytimes.org/w/indexd2c2.html]
[praytimes.org/code/git/indexa2b1.html]
[praytimes.org/code/git/index9590.html]
[praytimes.org/code/git/index2879.html]
[praytimes.org/wiki/File_talk_Icon-48.html]
[praytimes.org/code/git/index7c3e.html]
[praytimes.org/code/git/index9fc3.html]
[praytimes.org/w/index2af8.html]
[praytimes.org/w/index403c.html]
[praytimes.org/w/index5f7b.html]
[praytimes.org/wiki/About3905.html]
[praytimes.org/w/indexd878.html]
[praytimes.org/images/ajax-loader.html]
[praytimes.org/php/contact/receive.html]
[praytimes.org/w/indexc0a6.html]
[praytimes.org/w/index7b36.html]
[praytimes.org/wiki/Special_WhatLinksHere/Pray_Times_About.html]
[praytimes.org/wiki/Special_RecentChangesLinked/Pray_Times_About.html]
[praytimes.org/code/git/indexe310.html]
[praytimes.org/code/git/index7fc1.html]
[praytimes.org/code/git/index64d5.html]
[praytimes.org/w/index7a8a.html]
[praytimes.org/w/index97ad.html]
[praytimes.org/wiki/Pray_Times_talk_About.html]
[praytimes.org/w/indexa45b.html]
[praytimes.org/w/index7066.html]
[praytimes.org/w/index9e6c.html]
[praytimes.org/w/index52d5.html]
[praytimes.org/w/Equation of time.html]
[praytimes.org/w/index0c3f.html]
[praytimes.org/w/indexaad3.html]
[praytimes.org/w/Declination.html]
[praytimes.org/w/indexc0b8.html]
[praytimes.org/w/indexfb46.html]
[praytimes.org/w/index7f7a.html]
[praytimes.org/w/index973e.html]
[praytimes.org/w/Twilight-formula.html]
[praytimes.org/w/index3029.html]
[praytimes.org/w/indexc511.html]
[praytimes.org/w/indexa2ba.html]
[praytimes.org/w/index5623.html]
[praytimes.org/w/Asr-formula.html]
[praytimes.org/w/index7464.html]
[praytimes.org/w/indexc5a7.html]
[praytimes.org/w/indexc8b1.html]
[praytimes.org/code/git/a4ff]
[praytimes.org/code/git/07b3.html]
[praytimes.org/code/git/80ff.html]
[praytimes.org/code/git/14db.html]
[praytimes.org/code/git/ac17.html]
[praytimes.org/code/git/PrayTimes-17ee68c59dd.patch_;]
[praytimes.org/code/git/892d.html]
[praytimes.org/code/git/1d2d.html]
[praytimes.org/code/git/7db3.html]
[praytimes.org/code/git/PrayTimes-tree-f109b49.tara310.gz_;]
[praytimes.org/code/git/PrayTimes-tree-f109b4933a3.zip_;]
[praytimes.org/code/git/PrayTimes-971d9f02c1e.patch_;]
[praytimes.org/code/git/9333.html]
[praytimes.org/code/git/1c6b.html]
[praytimes.org/code/git/c976.html]
[praytimes.org/code/git/PrayTimes-tree-2c00898.tar3b23.gz_;]
[praytimes.org/code/git/PrayTimes-tree-2c008987c27.zip_;]
[praytimes.org/code/git/PrayTimes-c36f21f5c53.patch_;]
[praytimes.org/code/git/a3ec.html]
[praytimes.org/code/git/468d.html]
[praytimes.org/code/git/ef10.html]
[praytimes.org/code/git/PrayTimes-tree-2e5a0e3.tar1ec1.gz_;]
[praytimes.org/code/git/PrayTimes-tree-2e5a0e3fc88.zip_;]
[praytimes.org/code/git/PrayTimes-83794f811e7.patch_;]
[praytimes.org/code/git/2a14.html]
[praytimes.org/code/git/8a58.html]
[praytimes.org/code/git/8b48.html]
[praytimes.org/code/git/PrayTimes-tree-035f00c.tarc03d.gz_;]
[praytimes.org/code/git/PrayTimes-tree-035f00cdd5f.zip_;]
[praytimes.org/code/git/PrayTimes-971b0fac990.patch_;]
[praytimes.org/code/git/68a9.html]
[praytimes.org/code/git/d541.html]
[praytimes.org/code/git/6323.html]
[praytimes.org/code/git/PrayTimes-tree-af74d89.tar0d5f.gz_;]
[praytimes.org/code/git/PrayTimes-tree-af74d898645.zip_;]
[praytimes.org/code/git/PrayTimes-69e03bf6357.patch_;]
[praytimes.org/code/git/260a.html]
[praytimes.org/code/git/43f7.html]
[praytimes.org/code/git/e180.html]
[praytimes.org/code/git/PrayTimes-tree-1cfe13a.tar71a4.gz_;]
[praytimes.org/code/git/PrayTimes-tree-1cfe13a52db.zip_;]
[praytimes.org/code/git/PrayTimes-c8f14424361.patch_;]
[praytimes.org/code/git/cd55.html]
[praytimes.org/code/git/9ff4.html]
[praytimes.org/code/git/cabc.html]
[praytimes.org/code/git/PrayTimes-tree-02dc065.tar25fe.gz_;]
[praytimes.org/code/git/PrayTimes-tree-02dc0655082.zip_;]
[praytimes.org/code/git/PrayTimes-1c500ff8ba2.patch_;]
[praytimes.org/code/git/2c6f.html]
[praytimes.org/code/git/8715.html]
[praytimes.org/code/git/f064.html]
[praytimes.org/code/git/PrayTimes-tree-aa7c3a0.tar53a3.gz_;]
[praytimes.org/code/git/PrayTimes-tree-aa7c3a0713f.zip_;]
[praytimes.org/code/git/3300.html]
[praytimes.org/code/git/4345.html]
[praytimes.org/code/git/c0f0.html]
[praytimes.org/code/git/1a45.html]
[praytimes.org/code/git/eaa4.html]
[praytimes.org/code/git/PrayTimes-v1-b23faa.tar1bb9.gz_;]
[praytimes.org/code/git/PrayTimes-v1-b23faae5f0.zip_;]
[praytimes.org/code/git/5dd0.html]
[praytimes.org/code/git/PrayTimes-v2-dcb3ea.tar6bc1.gz_;]
[praytimes.org/code/git/PrayTimes-v2-dcb3ea7461.zip_;]
[praytimes.org/code/git/8b7a.html]
[praytimes.org/code/git/index80ff.html]
[praytimes.org/code/git/index14db.html]
[praytimes.org/code/git/index8b7a.html]
[praytimes.org/code/git/6d34.html]
[praytimes.org/code/git/index1bb9.html]
[praytimes.org/code/git/indexac17.html]
[praytimes.org/code/git/index892d.html]
[praytimes.org/code/git/index6bc1.html]
[praytimes.org/code/git/indexe5f0.html]
[praytimes.org/code/git/index7461.html]
[praytimes.org/code/git/index1d2d.html]
[praytimes.org/code/git/index6b72.html]
[praytimes.org/code/git/index7db3.html]
[praytimes.org/code/git/index9333.html]
[praytimes.org/code/git/index1c6b.html]
[praytimes.org/code/git/index8dce.html]
[praytimes.org/code/git/index162f.html]
[praytimes.org/code/git/indexc976.html]
[praytimes.org/code/git/index8d35.html]
[praytimes.org/code/git/index5b6d.html]
[praytimes.org/code/git/index0a0a.html]
[praytimes.org/code/git/indexa3ec.html]
[praytimes.org/code/git/indexf8dd.html]
[praytimes.org/code/git/index468d.html]
[praytimes.org/code/git/indexef10.html]
[praytimes.org/code/git/indexc4e3.html]
[praytimes.org/code/git/index2a14.html]
[praytimes.org/code/git/indexd583.html]
[praytimes.org/code/git/indexb5f0.html]
[praytimes.org/code/git/index8a58.html]
[praytimes.org/code/git/index8c9b.html]
[praytimes.org/code/git/index18e2.html]
[praytimes.org/code/git/index8b48.html]
[praytimes.org/code/git/index8043.html]
[praytimes.org/code/git/index1065.html]
[praytimes.org/code/git/index68a9.html]
[praytimes.org/code/git/indexd541.html]
[praytimes.org/code/git/index7f3b.html]
[praytimes.org/code/git/index6729.html]
[praytimes.org/code/git/index202b.html]
[praytimes.org/code/git/index6323.html]
[praytimes.org/code/git/index0b4f.html]
[praytimes.org/code/git/index02e0.html]
[praytimes.org/code/git/indexf59d.html]
[praytimes.org/code/git/index260a.html]
[praytimes.org/code/git/index4f89.html]
[praytimes.org/code/git/index43f7.html]
[praytimes.org/code/git/indexe180.html]
[praytimes.org/code/git/indexaeb0.html]
[praytimes.org/code/git/indexcd55.html]
[praytimes.org/code/git/indexb30e.html]
[praytimes.org/code/git/index735c.html]
[praytimes.org/code/git/index9ff4.html]
[praytimes.org/code/git/indexd15a.html]
[praytimes.org/code/git/index20c5.html]
[praytimes.org/code/git/index8ac1.html]
[praytimes.org/code/git/indexcabc.html]
[praytimes.org/code/git/index419d.html]
[praytimes.org/code/git/index2c6f.html]
[praytimes.org/code/git/index61f5.html]
[praytimes.org/code/git/index8715.html]
[praytimes.org/code/git/index8ed7.html]
[praytimes.org/code/git/indexf064.html]
[praytimes.org/code/git/indexc8ad.html]
[praytimes.org/code/git/indexb7f4.html]
[praytimes.org/code/git/index1d89.html]
[praytimes.org/code/git/index41c9.html]
[praytimes.org/code/git/index3300.html]
[praytimes.org/code/git/indexe1e7.html]
[praytimes.org/code/git/index1aaf.html]
[praytimes.org/code/git/indexe56c.html]
[praytimes.org/code/git/index4345.html]
[praytimes.org/code/git/index322d.html]
[praytimes.org/code/git/index3844.html]
[praytimes.org/code/git/index1a45.html]
[praytimes.org/code/git/indexd8ba.html]
[praytimes.org/code/git/indexb605.html]
[praytimes.org/code/git/indexb1ed.html]
[praytimes.org/code/git/indexd0e7.html]
[praytimes.org/code/git/indexb9ff.html]
[praytimes.org/code/git/index8980.html]
[praytimes.org/code/git/index3888.html]
[praytimes.org/code/git/index5f6f.html]
[praytimes.org/code/git/index2be0.html]
[praytimes.org/code/git/indexbd6f.html]
[praytimes.org/code/git/index1c12.html]
[praytimes.org/code/git/indexa3a3.html]
[praytimes.org/code/git/index3d69.html]
[praytimes.org/code/git/indexf54e.html]
[praytimes.org/code/git/index1dac.html]
[praytimes.org/code/git/index628a.html]
[praytimes.org/code/git/index0040.html]
[praytimes.org/code/git/indexb1c0.html]
[praytimes.org/code/git/index572e.html]
[praytimes.org/code/git/index614b.html]
[praytimes.org/code/git/index6899.html]
[praytimes.org/code/git/index2530.html]
[praytimes.org/code/git/indexc7c2.html]
[praytimes.org/code/git/index90d9.html]
[praytimes.org/code/git/index65a9.html]
[praytimes.org/code/git/index2ffd.html]
[praytimes.org/code/git/index723e.html]
[praytimes.org/code/git/indexe9df.html]
[praytimes.org/code/git/index00d8.html]
[praytimes.org/code/git/index06e6.html]
[praytimes.org/code/git/index00f0.html]
[praytimes.org/code/git/index5631.html]
[praytimes.org/code/git/indexef1a.html]
[praytimes.org/code/git/index4516.html]
[praytimes.org/code/git/indexf36c.html]
[praytimes.org/code/git/index6d34.html]
[praytimes.org/code/git/indexcbea.html]
[praytimes.org/code/git/indexe62a.html]
[praytimes.org/code/git/indexade4.html]
[praytimes.org/code/git/index875a.html]
[praytimes.org/code/git/index5dd0.html]
[praytimes.org/code/git/index863e.html]
[praytimes.org/code/git/index75b6.html]
[praytimes.org/code/git/indexe5f4.html]
[praytimes.org/code/git/index9c4f.html]
[praytimes.org/code/git/indexcb96.html]
[praytimes.org/code/git/index5d67.html]
[praytimes.org/code/git/index0c6c.html]
[praytimes.org/code/git/indexf5a9.html]
[praytimes.org/code/git/indexf33e.html]
[praytimes.org/code/git/indexc845.html]
[praytimes.org/code/git/index9108.html]
[praytimes.org/code/git/index8c68.html]
[praytimes.org/code/PrayTimes.js]
[praytimes.org/code/git/indexa01c.html]
[praytimes.org/code/git/index7e45.html]
[praytimes.org/code/git/index703f.html]
[praytimes.org/code/git/indexb188.html]
[praytimes.org/code/git/index6995.html]
[praytimes.org/code/git/index7dff.html]
[praytimes.org/code/git/index7282.html]
[praytimes.org/code/git/index322f.html]
[praytimes.org/code/git/index7750.html]
[praytimes.org/code/git/indexabe6.html]
[praytimes.org/code/git/indexcd19.html]
[praytimes.org/code/git/indexfff4.html]
[praytimes.org/code/git/index9b9f.html]
[praytimes.org/code/git/indexf3a7.html]
[praytimes.org/code/git/index114b.html]
[praytimes.org/code/git/indexd668.html]
[praytimes.org/code/git/index1dc4.html]
[praytimes.org/code/git/index9ed0.html]
[praytimes.org/code/git/index7e8f.html]
[praytimes.org/code/git/index2c8d.html]
[praytimes.org/code/git/index15aa.html]
[praytimes.org/code/git/indexe1c0.html]
[praytimes.org/code/git/index877d.html]
[praytimes.org/code/git/index80bd.html]
[praytimes.org/code/git/index2df5.html]
[praytimes.org/code/git/indexeaa4.html]
[praytimes.org/code/git/index42a2.html]
[praytimes.org/code/git/indexc3f2.html]
[praytimes.org/code/git/index3c1d.html]
[praytimes.org/code/git/indexd61b.html]
[praytimes.org/code/git/index84b5.html]
[praytimes.org/code/git/index9e79.html]
[praytimes.org/code/git/index17ee.html]
[praytimes.org/code/git/index3443.html]
[praytimes.org/code/git/indexa899.html]
[praytimes.org/code/git/index82de.html]
[praytimes.org/code/git/indexaeec.html]
[praytimes.org/code/git/index0e50.html]
[praytimes.org/code/PrayTime.js]
[praytimes.org/code/git/indexf122.html]
[praytimes.org/code/git/index8dc7.html]
[praytimes.org/code/git/indexdd2d.html]
[praytimes.org/code/git/index24d7.html]
[praytimes.org/code/git/indexb6d3.html]
[praytimes.org/code/git/index1bff.html]
[praytimes.org/w/index86b6.html]
[praytimes.org/w/index190a.html]
[praytimes.org/w/indexd970.html]
[praytimes.org/w/index7a89.html]
[praytimes.org/code/git/index7f81.html]
[praytimes.org/code/git/indexf530.html]
[praytimes.org/code/git/index1e70.html]
[praytimes.org/code/git/index0d51.html]
[praytimes.org/code/git/index3267.html]
[praytimes.org/code/git/index8c35.html]
[praytimes.org/code/git/index119d.html]
[praytimes.org/code/git/index7600.html]
[praytimes.org/code/git/indexd55a.html]
[praytimes.org/code/git/index4e88.html]
[praytimes.org/code/git/index2451.html]
[praytimes.org/code/git/index9d4a.html]
[praytimes.org/code/git/index2905.html]
[praytimes.org/code/git/indexcea3.html]
[praytimes.org/code/git/indexb6ba.html]
[praytimes.org/code/git/index6e81.html]
[praytimes.org/code/git/indexa93e.html]
[praytimes.org/code/git/index522e.html]
[praytimes.org/code/git/indexdbda.html]
[praytimes.org/code/git/index527f.html]
[praytimes.org/code/git/indexae66.html]
[praytimes.org/code/git/index2ae5.html]
[praytimes.org/code/git/indexc4c3.html]
[praytimes.org/code/git/index8a75.html]
[praytimes.org/code/git/indexae69.html]
[praytimes.org/code/git/indexa2b1.html]
[praytimes.org/code/git/index9590.html]
[praytimes.org/code/git/index2879.html]
[praytimes.org/code/git/index7c3e.html]
[praytimes.org/code/git/index9fc3.html]
[praytimes.org/code/git/indexe310.html]
[praytimes.org/code/git/index85f3.html]
[praytimes.org/code/git/indexfd91.html]
[praytimes.org/code/git/index7fc1.html]
[praytimes.org/code/git/index64d5.html]
[praytimes.org/wiki/Special_WhatLinksHere/Calculation.html]
[praytimes.org/wiki/Special_RecentChangesLinked/Calculation.html]
[praytimes.org/code/git/index2f2e.html]
[praytimes.org/code/git/index9e9e.html]
[praytimes.org/w/index84f2.html]
[praytimes.org/wiki/Talk_Calculation.html]
[praytimes.org/w/index687c.html]
[praytimes.org/w/indexc989.html]
[praytimes.org/w/index7503.html]
[praytimes.org/w/indexdc72.html]
[praytimes.org/w/indexe705.html]
[praytimes.org/w/Icon-48.html]
[praytimes.org/w/index63e5.html]
[praytimes.org/w/index7a8a.html]
[praytimes.org/code/git/07b3.html]
[praytimes.org/w/index7402.html]
[praytimes.org/code/git/5f6f.html]
[praytimes.org/code/git/1c12.html]
[praytimes.org/code/git/1dac.html]
[praytimes.org/code/git/628a.html]
[praytimes.org/code/git/572e.html]
[praytimes.org/code/git/2530.html]
[praytimes.org/code/git/65a9.html]
[praytimes.org/code/git/80ff.html]
[praytimes.org/code/git/14db.html]
[praytimes.org/code/git/ac17.html]
[praytimes.org/code/git/e9df.html]
[praytimes.org/code/git/6b72.html]
[praytimes.org/code/git/892d.html]
[praytimes.org/code/git/1d2d.html]
[praytimes.org/code/git/162f.html]
[praytimes.org/code/git/8dce.html]
[praytimes.org/code/git/PrayTimes-v1-f4f09f.tar8d35.gz_;]
[praytimes.org/code/git/PrayTimes-v1-f4f09f5b6d.zip_;]
[praytimes.org/code/git/7db3.html]
[praytimes.org/code/git/0a0a.html]
[praytimes.org/code/git/f8dd.html]
[praytimes.org/code/git/c4e3.html]
[praytimes.org/code/git/d583.html]
[praytimes.org/code/git/9333.html]
[praytimes.org/code/git/1c6b.html]
[praytimes.org/code/git/b5f0.html]
[praytimes.org/code/git/8c9b.html]
[praytimes.org/code/git/8043.html]
[praytimes.org/code/git/PrayTimes-v2-4b52f4.tar18e2.gz_;]
[praytimes.org/code/git/PrayTimes-v2-4b52f41065.zip_;]
[praytimes.org/code/git/c976.html]
[praytimes.org/code/git/6729.html]
[praytimes.org/code/git/7f3b.html]
[praytimes.org/code/git/a3ec.html]
[praytimes.org/code/git/468d.html]
[praytimes.org/code/git/202b.html]
[praytimes.org/code/git/0b4f.html]
[praytimes.org/code/git/4f89.html]
[praytimes.org/code/git/PrayTimes-v2-1615a6.tar02e0.gz_;]
[praytimes.org/code/git/PrayTimes-v2-1615a6f59d.zip_;]
[praytimes.org/code/git/ef10.html]
[praytimes.org/code/git/aeb0.html]
[praytimes.org/code/git/2a14.html]
[praytimes.org/code/git/8a58.html]
[praytimes.org/code/git/b30e.html]
[praytimes.org/code/git/735c.html]
[praytimes.org/code/git/PrayTimes-v1-e3223e.tard15a.gz_;]
[praytimes.org/code/git/PrayTimes-v1-e3223e20c5.zip_;]
[praytimes.org/code/git/8b48.html]
[praytimes.org/code/git/419d.html]
[praytimes.org/code/git/68a9.html]
[praytimes.org/code/git/d541.html]
[praytimes.org/code/git/8ac1.html]
[praytimes.org/code/git/61f5.html]
[praytimes.org/code/git/8ed7.html]
[praytimes.org/code/git/b7f4.html]
[praytimes.org/code/git/PrayTimes-v2-769625.tarc8ad.gz_;]
[praytimes.org/code/git/PrayTimes-v2-7696251d89.zip_;]
[praytimes.org/code/git/6323.html]
[praytimes.org/code/git/260a.html]
[praytimes.org/code/git/43f7.html]
[praytimes.org/code/git/e1e7.html]
[praytimes.org/code/git/1aaf.html]
[praytimes.org/code/git/PrayTimes-v1-acedbb.tar322d.gz_;]
[praytimes.org/code/git/PrayTimes-v1-acedbbe56c.zip_;]
[praytimes.org/code/git/e180.html]
[praytimes.org/code/git/3844.html]
[praytimes.org/code/git/d8ba.html]
[praytimes.org/code/git/b1ed.html]
[praytimes.org/code/git/8980.html]
[praytimes.org/code/git/3888.html]
[praytimes.org/code/git/cd55.html]
[praytimes.org/code/git/9ff4.html]
[praytimes.org/code/git/2be0.html]
[praytimes.org/code/git/3d69.html]
[praytimes.org/code/git/a3a3.html]
[praytimes.org/code/git/PrayTimes-v2-ad880d.tarbd6f.gz_;]
[praytimes.org/code/git/PrayTimes-v2-ad880df54e.zip_;]
[praytimes.org/code/git/cabc.html]
[praytimes.org/code/git/b1c0.html]
[praytimes.org/code/git/0040.html]
[praytimes.org/code/git/614b.html]
[praytimes.org/code/git/6899.html]
[praytimes.org/code/git/c7c2.html]
[praytimes.org/code/git/90d9.html]
[praytimes.org/code/git/723e.html]
[praytimes.org/code/git/2ffd.html]
[praytimes.org/code/git/00f0.html]
[praytimes.org/code/git/00d8.html]
[praytimes.org/code/git/5631.html]
[praytimes.org/code/git/ef1a.html]
[praytimes.org/code/git/f36c.html]
[praytimes.org/code/git/ade4.html]
[praytimes.org/code/git/2c6f.html]
[praytimes.org/code/git/8715.html]
[praytimes.org/code/git/cbea.html]
[praytimes.org/code/git/e62a.html]
[praytimes.org/code/git/PrayTimes-v1-53df87.tar875a.gz_;]
[praytimes.org/code/git/PrayTimes-v1-53df87863e.zip_;]
[praytimes.org/code/git/e5f4.html]
[praytimes.org/code/git/PrayTimes-v2-826873.tar75b6.gz_;]
[praytimes.org/code/git/f064.html]
[praytimes.org/code/git/PrayTimes-3e3ae7f41c9.patch_;]
[praytimes.org/code/git/3300.html]
[praytimes.org/code/git/4345.html]
[praytimes.org/code/git/PrayTimes-v2-8268735d67.zip_;]
[praytimes.org/code/git/1a45.html]
[praytimes.org/code/git/f5a9.html]
[praytimes.org/code/git/17ee.html]
[praytimes.org/code/git/522e.html]
[praytimes.org/code/git/PrayTimes-cpp-671aeb.tar9981.gz_;]
[praytimes.org/code/git/PrayTimes-cpp-671aebf5b6.zip_;]
[praytimes.org/code/git/e310.html]
[praytimes.org/code/git/PrayTimes-csharp-c72271.tar1a82.gz_;]
[praytimes.org/code/git/PrayTimes-csharp-c72271dfb3.zip_;]
[praytimes.org/code/git/2905.html]
[praytimes.org/code/git/PrayTimes-java-a41a6d.tar4ee3.gz_;]
[praytimes.org/code/git/PrayTimes-java-a41a6d25fe.zip_;]
[praytimes.org/code/git/42a2.html]
[praytimes.org/code/git/PrayTimes-js-1813a1.tar46a0.gz_;]
[praytimes.org/code/git/PrayTimes-js-1813a1f6dc.zip_;]
[praytimes.org/code/git/a2b1.html]
[praytimes.org/code/git/PrayTimes-objc-fc1f12.tara5b2.gz_;]
[praytimes.org/code/git/PrayTimes-objc-fc1f12b1b4.zip_;]
[praytimes.org/code/git/119d.html]
[praytimes.org/code/git/PrayTimes-php-be6b87.tarf6fc.gz_;]
[praytimes.org/code/git/PrayTimes-php-be6b87e88a.zip_;]
[praytimes.org/code/git/PrayTimes-tree-b23faa9.tar959d.gz_;]
[praytimes.org/code/git/PrayTimes-tree-b23faa940b6.zip_;]
[praytimes.org/code/git/eaa4.html]
[praytimes.org/code/git/7e8f.html]
[praytimes.org/code/git/b188.html]
[praytimes.org/code/git/9c4f.html]
[praytimes.org/code/git/PrayTimes-js-53c61d.tarceed.gz_;]
[praytimes.org/code/git/PrayTimes-js-53c61d92f9.zip_;]
[praytimes.org/code/git/f530.html]
[praytimes.org/code/git/PrayTimes-python-73e3e5.tarc56e.gz_;]
[praytimes.org/code/git/PrayTimes-python-73e3e5befc.zip_;]
[praytimes.org/code/git/PrayTimes-tree-dcb3eab.tarcfea.gz_;]
[praytimes.org/code/git/PrayTimes-tree-dcb3eabb67c.zip_;]
[praytimes.org/code/git/d0e7.html]
[praytimes.org/code/git/5dd0.html]
[praytimes.org/code/git/45a2.html]
[praytimes.org/code/git/7570.html]
[praytimes.org/code/git/8c68.html]
[praytimes.org/code/git/4cee.html]
[praytimes.org/code/git/a5d2.html]
[praytimes.org/code/git/PrayTimes-tree-HEAD.tar703f.gz_;]
[praytimes.org/code/git/6d34.html]
[praytimes.org/code/git/index6b72.html]
[praytimes.org/code/git/index162f.html]
[praytimes.org/code/git/index8dce.html]
[praytimes.org/code/git/PrayTimes-tree-HEAD7e45.zip_;]
[praytimes.org/code/git/indexb2c3.html]
[praytimes.org/code/git/index0a0a.html]
[praytimes.org/code/git/index6713.html]
[praytimes.org/code/git/indexf8dd.html]
[praytimes.org/code/git/index7f02.html]
[praytimes.org/code/git/indexc4e3.html]
[praytimes.org/code/git/index5ce1.html]
[praytimes.org/code/git/indexcf0c.html]
[praytimes.org/code/git/indexd583.html]
[praytimes.org/code/git/index2ff0.html]
[praytimes.org/code/git/indexb5f0.html]
[praytimes.org/code/git/index6d4c.html]
[praytimes.org/code/git/index8c9b.html]
[praytimes.org/code/git/index5578.html]
[praytimes.org/code/git/indexf568.html]
[praytimes.org/code/git/indexf0b7.html]
[praytimes.org/code/git/index8043.html]
[praytimes.org/code/git/index6729.html]
[praytimes.org/code/git/index7f3b.html]
[praytimes.org/code/git/index3e68.html]
[praytimes.org/code/git/index5eb1.html]
[praytimes.org/code/git/index9b1c.html]
[praytimes.org/code/git/index1cf8.html]
[praytimes.org/code/git/index202b.html]
[praytimes.org/code/git/index4115.html]
[praytimes.org/code/git/index3217.html]
[praytimes.org/code/git/index0b4f.html]
[praytimes.org/code/git/index039c.html]
[praytimes.org/code/git/indexd53c.html]
[praytimes.org/code/git/index4f89.html]
[praytimes.org/code/git/index11fb.html]
[praytimes.org/code/git/index7888.html]
[praytimes.org/code/git/indexaeb0.html]
[praytimes.org/code/git/indexbe58.html]
[praytimes.org/code/git/indexb30e.html]
[praytimes.org/code/git/index74e9.html]
[praytimes.org/code/git/index735c.html]
[praytimes.org/code/git/index0d64.html]
[praytimes.org/code/git/index419d.html]
[praytimes.org/code/git/index10b6.html]
[praytimes.org/code/git/index8ac1.html]
[praytimes.org/code/git/index61f5.html]
[praytimes.org/code/git/index9f3c.html]
[praytimes.org/code/git/index9770.html]
[praytimes.org/code/git/index8ed7.html]
[praytimes.org/code/git/index6eaa.html]
[praytimes.org/code/git/indexb7f4.html]
[praytimes.org/code/git/indexf80b.html]
[praytimes.org/code/git/indexcc62.html]
[praytimes.org/code/git/indexe1e7.html]
[praytimes.org/code/git/indexcc79.html]
[praytimes.org/code/git/index4652.html]
[praytimes.org/code/git/index8473.html]
[praytimes.org/code/git/index6f88.html]
[praytimes.org/code/git/index1aaf.html]
[praytimes.org/code/git/index0d6c.html]
[praytimes.org/code/git/index3844.html]
[praytimes.org/code/git/index6cfa.html]
[praytimes.org/code/git/index3024.html]
[praytimes.org/code/git/indexfb82.html]
[praytimes.org/code/git/indexd8ba.html]
[praytimes.org/code/git/indexb1ed.html]
[praytimes.org/code/git/indexef05.html]
[praytimes.org/code/git/index8350.html]
[praytimes.org/code/git/index8980.html]
[praytimes.org/code/git/index1cd8.html]
[praytimes.org/code/git/index1099.html]
[praytimes.org/code/git/index3888.html]
[praytimes.org/code/git/index19d4.html]
[praytimes.org/code/git/index2be0.html]
[praytimes.org/code/git/index9033.html]
[praytimes.org/code/git/index7685.html]
[praytimes.org/code/git/indexd7d2.html]
[praytimes.org/code/git/index3d69.html]
[praytimes.org/code/git/index724f.html]
[praytimes.org/code/git/index7ca2.html]
[praytimes.org/code/git/index5d4b.html]
[praytimes.org/code/git/indexa3a3.html]
[praytimes.org/code/git/index168f.html]
[praytimes.org/code/git/indexb1c0.html]
[praytimes.org/code/git/indexb4b7.html]
[praytimes.org/code/git/index0040.html]
[praytimes.org/code/git/indexafc2.html]
[praytimes.org/code/git/indexf840.html]
[praytimes.org/code/git/index6584.html]
[praytimes.org/code/git/index614b.html]
[praytimes.org/code/git/indexe819.html]
[praytimes.org/code/git/index6899.html]
[praytimes.org/code/git/indexfe89.html]
[praytimes.org/code/git/indexc7c2.html]
[praytimes.org/code/git/index6aed.html]
[praytimes.org/code/git/index53ab.html]
[praytimes.org/code/git/index890c.html]
[praytimes.org/code/git/index90d9.html]
[praytimes.org/code/git/indexc254.html]
[praytimes.org/code/git/index723e.html]
[praytimes.org/code/git/index465e.html]
[praytimes.org/code/git/index036a.html]
[praytimes.org/code/git/index2ffd.html]
[praytimes.org/code/git/index9f5b.html]
[praytimes.org/code/git/index00f0.html]
[praytimes.org/code/git/indexbbbd.html]
[praytimes.org/code/git/index00d8.html]
[praytimes.org/code/git/index8c1c.html]
[praytimes.org/code/git/index5631.html]
[praytimes.org/code/git/indexfe85.html]
[praytimes.org/code/git/index8078.html]
[praytimes.org/code/git/indexef1a.html]
[praytimes.org/code/git/indexb9ec.html]
[praytimes.org/code/git/indexf36c.html]
[praytimes.org/code/git/index739b.html]
[praytimes.org/code/git/indexae6f.html]
[praytimes.org/code/git/indexade4.html]
[praytimes.org/code/git/index9c8d.html]
[praytimes.org/code/git/index7c93.html]
[praytimes.org/code/git/index28e0.html]
[praytimes.org/code/git/index9f3f.html]
[praytimes.org/code/git/indexcbea.html]
[praytimes.org/code/git/index774d.html]
[praytimes.org/code/git/index4b60.html]
[praytimes.org/code/git/indexe62a.html]
[praytimes.org/code/git/indexe5f4.html]
[praytimes.org/code/git/index7adf.html]
[praytimes.org/code/git/index48af.html]
[praytimes.org/code/git/indexf5a9.html]
[praytimes.org/code/git/index8127.html]
[praytimes.org/code/git/indexc845.html]
[praytimes.org/code/git/index1747.html]
[praytimes.org/code/git/index9cd4.html]
[praytimes.org/code/git/indexb117.html]
[praytimes.org/code/git/index8e7d.html]
[praytimes.org/code/git/index9108.html]
[praytimes.org/code/git/index8c68.html]
[praytimes.org/code/git/index42eb.html]
[praytimes.org/code/git/index02cb.html]
[praytimes.org/code/git/indexadee.html]
[praytimes.org/code/git/indexb188.html]
[praytimes.org/code/git/index4326.html]
[praytimes.org/code/git/index6995.html]
[praytimes.org/code/git/index004c.html]
[praytimes.org/code/git/index7282.html]
[praytimes.org/code/git/index52fe.html]
[praytimes.org/code/git/index7750.html]
[praytimes.org/code/git/index0b22.html]
[praytimes.org/code/git/indexcd19.html]
[praytimes.org/code/git/index2769.html]
[praytimes.org/code/git/index9b9f.html]
[praytimes.org/code/git/indexef50.html]
[praytimes.org/code/git/index5356.html]
[praytimes.org/code/git/index114b.html]
[praytimes.org/code/git/index5023.html]
[praytimes.org/code/git/index6205.html]
[praytimes.org/code/PrayTimes.html]
[praytimes.org/code/git/index51a7.html]
[praytimes.org/code/git/index0cf8.html]
[praytimes.org/code/git/index9ed0.html]
[praytimes.org/code/git/indexf34b.html]
[praytimes.org/code/git/indexcae3.html]
[praytimes.org/code/git/indexf5b2.html]
[praytimes.org/code/git/index1dc4.html]
[praytimes.org/code/git/index2c8d.html]
[praytimes.org/code/git/index9356.html]
[praytimes.org/code/git/index0077.html]
[praytimes.org/code/git/indexe1c0.html]
[praytimes.org/code/git/indexe75e.html]
[praytimes.org/code/git/indexa80b.html]
[praytimes.org/code/git/index877d.html]
[praytimes.org/code/git/indexe3b7.html]
[praytimes.org/code/git/index9462.html]
[praytimes.org/code/git/index2df5.html]
[praytimes.org/code/git/index351d.html]
[praytimes.org/code/git/index8a86.html]
[praytimes.org/code/git/indexc3f2.html]
[praytimes.org/code/git/index2531.html]
[praytimes.org/code/git/index5ee2.html]
[praytimes.org/code/git/index3c1d.html]
[praytimes.org/code/git/index481b.html]
[praytimes.org/code/git/index17ee.html]
[praytimes.org/code/git/indexef92.html]
[praytimes.org/code/git/index9a5e.html]
[praytimes.org/code/git/index9e79.html]
[praytimes.org/code/git/indexe375.html]
[praytimes.org/code/git/indexa899.html]
[praytimes.org/code/git/index2e3b.html]
[praytimes.org/code/git/index9497.html]
[praytimes.org/code/git/index82de.html]
[praytimes.org/code/git/indexaeec.html]
[praytimes.org/code/git/indexc895.html]
[praytimes.org/code/git/index0e50.html]
[praytimes.org/code/git/index878c.html]
[praytimes.org/code/git/indexdbda.html]
[praytimes.org/code/git/index4f74.html]
[praytimes.org/code/PrayTime.html]
[praytimes.org/code/git/indexa363.html]
[praytimes.org/code/git/index7600.html]
[praytimes.org/code/git/index02a4.html]
[praytimes.org/code/git/index6876.html]
[praytimes.org/code/git/indexd55a.html]
[praytimes.org/code/git/index1112.html]
[praytimes.org/code/git/index9f09.html]
[praytimes.org/code/git/index1e70.html]
[praytimes.org/code/git/index72e5.html]
[praytimes.org/code/git/indexef05-2.html]
[praytimes.org/code/git/index527f.html]
[praytimes.org/code/git/index545f.html]
[praytimes.org/code/git/index9c58.html]
[praytimes.org/code/git/index85f3.html]
[praytimes.org/code/git/indexd1de.html]
[praytimes.org/code/git/index7c85.html]
[praytimes.org/code/git/indexfd91.html]
[praytimes.org/code/git/indexca16.html]
[praytimes.org/code/git/index8a0b.html]
[praytimes.org/code/git/index9e9e.html]
[praytimes.org/code/git/index37fa.html]
[praytimes.org/code/git/index3692.html]
[praytimes.org/code/git/index2f2e.html]
[praytimes.org/code/git/indexbfc3.html]
[praytimes.org/code/git/indexc02a.html]
[praytimes.org/w/index7402.html]
[praytimes.org/code/git/index9dd8.html]
[praytimes.org/code/git/index0375.html]
[praytimes.org/code/git/indexa877.html]
[praytimes.org/code/git/index1d81.html]
[praytimes.org/code/git/2ae5.html]
[praytimes.org/code/git/5f6f.html]
[praytimes.org/code/git/indexb0fc.html]
[praytimes.org/code/git/indexe2be.html]
[praytimes.org/code/git/index915d.html]
[praytimes.org/code/git/c4c3.html]
[praytimes.org/code/git/1c12.html]
[praytimes.org/code/git/1dac.html]
[praytimes.org/code/git/7fc1.html]
[praytimes.org/code/git/628a.html]
[praytimes.org/code/git/cea3.html]
[praytimes.org/code/git/9590.html]
[praytimes.org/code/git/572e.html]
[praytimes.org/code/git/2530.html]
[praytimes.org/code/git/2879.html]
[praytimes.org/code/git/65a9.html]
[praytimes.org/code/git/4e88.html]
[praytimes.org/code/git/e9df.html]
[praytimes.org/code/git/2451.html]
[praytimes.org/code/git/6b72.html]
[praytimes.org/code/git/cb96.html]
[praytimes.org/code/git/162f.html]
[praytimes.org/code/git/0d51.html]
[praytimes.org/code/git/b2c3.html]
[praytimes.org/code/git/6713.html]
[praytimes.org/code/git/PrayTimes-cpp-c2ad5b.tar7f02.gz_;]
[praytimes.org/code/git/PrayTimes-cpp-c2ad5b5ce1.zip_;]
[praytimes.org/code/git/cf0c.html]
[praytimes.org/code/git/PrayTimes-csharp-98bbbf.tar2ff0.gz_;]
[praytimes.org/code/git/PrayTimes-csharp-98bbbf6d4c.zip_;]
[praytimes.org/code/git/5578.html]
[praytimes.org/code/git/PrayTimes-java-b712c7.tarf0b7.gz_;]
[praytimes.org/code/git/PrayTimes-java-b712c7f568.zip_;]
[praytimes.org/code/git/3e68.html]
[praytimes.org/code/git/1cf8.html]
[praytimes.org/code/git/PrayTimes-objc-95c883.tar5eb1.gz_;]
[praytimes.org/code/git/PrayTimes-objc-95c8839b1c.zip_;]
[praytimes.org/code/git/039c.html]
[praytimes.org/code/git/PrayTimes-php-0069ce.tar4115.gz_;]
[praytimes.org/code/git/PrayTimes-php-0069ce3217.zip_;]
[praytimes.org/code/git/PrayTimes-tree-f4f09fb.tard53c.gz_;]
[praytimes.org/code/git/8dce.html]
[praytimes.org/code/git/PrayTimes-tree-f4f09fb11fb.zip_;]
[praytimes.org/code/git/7888.html]
[praytimes.org/code/git/be58.html]
[praytimes.org/code/git/0a0a.html]
[praytimes.org/code/git/f8dd.html]
[praytimes.org/code/git/74e9.html]
[praytimes.org/code/git/7282.html]
[praytimes.org/code/git/c4e3.html]
[praytimes.org/code/git/114b.html]
[praytimes.org/code/git/9ed0.html]
[praytimes.org/code/git/d583.html]
[praytimes.org/code/git/b5f0.html]
[praytimes.org/code/git/1dc4.html]
[praytimes.org/code/git/0d64.html]
[praytimes.org/code/git/10b6.html]
[praytimes.org/code/git/9f3c.html]
[praytimes.org/code/git/9770.html]
[praytimes.org/code/git/6eaa.html]
[praytimes.org/code/git/f80b.html]
[praytimes.org/code/git/8c9b.html]
[praytimes.org/code/git/cc62.html]
[praytimes.org/code/git/4652.html]
[praytimes.org/code/git/cc79.html]
[praytimes.org/code/git/PrayTimes-js-043085.tar8473.gz_;]
[praytimes.org/code/git/PrayTimes-js-0430856f88.zip_;]
[praytimes.org/code/git/6cfa.html]
[praytimes.org/code/git/PrayTimes-python-4aa8aa.tar0d6c.gz_;]
[praytimes.org/code/git/PrayTimes-python-4aa8aafb82.zip_;]
[praytimes.org/code/git/PrayTimes-tree-4b52f45.tar3024.gz_;]
[praytimes.org/code/git/PrayTimes-tree-4b52f45ef05.zip_;]
[praytimes.org/code/git/8043.html]
[praytimes.org/code/git/ae66.html]
[praytimes.org/code/git/6729.html]
[praytimes.org/code/git/7f3b.html]
[praytimes.org/code/git/202b.html]
[praytimes.org/code/git/8350.html]
[praytimes.org/code/git/1099.html]
[praytimes.org/code/git/1cd8.html]
[praytimes.org/code/git/19d4.html]
[praytimes.org/code/git/9033.html]
[praytimes.org/code/git/7685.html]
[praytimes.org/code/git/d7d2.html]
[praytimes.org/code/git/0b4f.html]
[praytimes.org/code/git/724f.html]
[praytimes.org/code/git/168f.html]
[praytimes.org/code/git/PrayTimes-js-4873d5.tar7ca2.gz_;]
[praytimes.org/code/git/PrayTimes-js-4873d55d4b.zip_;]
[praytimes.org/code/git/b4b7.html]
[praytimes.org/code/git/PrayTimes-tree-1615a6a.tarf840.gz_;]
[praytimes.org/code/git/PrayTimes-tree-1615a6aafc2.zip_;]
[praytimes.org/code/git/4f89.html]
[praytimes.org/code/git/aeb0.html]
[praytimes.org/code/git/b30e.html]
[praytimes.org/code/git/6584.html]
[praytimes.org/code/git/e819.html]
[praytimes.org/code/git/fe89.html]
[praytimes.org/code/git/53ab.html]
[praytimes.org/code/git/6aed.html]
[praytimes.org/code/git/c254.html]
[praytimes.org/code/git/PrayTimes-tree-e3223ed.tar890c.gz_;]
[praytimes.org/code/git/735c.html]
[praytimes.org/code/git/PrayTimes-tree-e3223ed465e.zip_;]
[praytimes.org/code/git/036a.html]
[praytimes.org/code/git/9f5b.html]
[praytimes.org/code/git/419d.html]
[praytimes.org/code/git/8ac1.html]
[praytimes.org/code/git/61f5.html]
[praytimes.org/code/git/bbbd.html]
[praytimes.org/code/git/8c1c.html]
[praytimes.org/code/git/fe85.html]
[praytimes.org/code/git/8078.html]
[praytimes.org/code/git/b9ec.html]
[praytimes.org/code/git/ae6f.html]
[praytimes.org/code/git/8ed7.html]
[praytimes.org/code/git/739b.html]
[praytimes.org/code/git/9c8d.html]
[praytimes.org/code/git/7c93.html]
[praytimes.org/code/git/PrayTimes-js-5cda33.tar28e0.gz_;]
[praytimes.org/code/git/PrayTimes-js-5cda339f3f.zip_;]
[praytimes.org/code/git/PrayTimes-tree-7696250.tar774d.gz_;]
[praytimes.org/code/git/PrayTimes-tree-76962504b60.zip_;]
[praytimes.org/code/git/b7f4.html]
[praytimes.org/code/git/e1e7.html]
[praytimes.org/code/git/48af.html]
[praytimes.org/code/git/7adf.html]
[praytimes.org/code/git/8127.html]
[praytimes.org/code/git/1747.html]
[praytimes.org/code/git/9cd4.html]
[praytimes.org/code/git/b117.html]
[praytimes.org/code/git/PrayTimes-php-82639c.tar8e7d.gz_;]
[praytimes.org/code/git/PrayTimes-php-82639c42eb.zip_;]
[praytimes.org/code/git/PrayTimes-tree-acedbb7.tar02cb.gz_;]
[praytimes.org/code/git/1aaf.html]
[praytimes.org/code/git/PrayTimes-tree-acedbb7adee.zip_;]
[praytimes.org/code/git/4326.html]
[praytimes.org/code/git/3844.html]
[praytimes.org/code/git/004c.html]
[praytimes.org/code/git/d8ba.html]
[praytimes.org/code/git/64d5.html]
[praytimes.org/code/git/a899.html]
[praytimes.org/code/git/b1ed.html]
[praytimes.org/code/git/dbda.html]
[praytimes.org/code/git/8980.html]
[praytimes.org/code/git/7600.html]
[praytimes.org/code/git/d55a.html]
[praytimes.org/code/git/3888.html]
[praytimes.org/code/git/2be0.html]
[praytimes.org/code/git/52fe.html]
[praytimes.org/code/git/0b22.html]
[praytimes.org/code/git/2769.html]
[praytimes.org/code/git/5356.html]
[praytimes.org/code/git/ef50.html]
[praytimes.org/code/git/5023.html]
[praytimes.org/code/git/3d69.html]
[praytimes.org/code/git/51a7.html]
[praytimes.org/code/git/f34b.html]
[praytimes.org/code/git/PrayTimes-js-8b2745.tar6205.gz_;]
[praytimes.org/code/git/PrayTimes-js-8b27450cf8.zip_;]
[praytimes.org/code/git/PrayTimes-tree-ad880d5.tarcae3.gz_;]
[praytimes.org/code/git/PrayTimes-tree-ad880d5f5b2.zip_;]
[praytimes.org/code/git/a3a3.html]
[praytimes.org/code/git/b1c0.html]
[praytimes.org/code/git/0040.html]
[praytimes.org/code/git/614b.html]
[praytimes.org/code/git/6899.html]
[praytimes.org/code/git/c7c2.html]
[praytimes.org/code/git/90d9.html]
[praytimes.org/code/git/723e.html]
[praytimes.org/code/git/2ffd.html]
[praytimes.org/code/git/00f0.html]
[praytimes.org/code/git/00d8.html]
[praytimes.org/code/git/5631.html]
[praytimes.org/code/git/ef1a.html]
[praytimes.org/code/git/f36c.html]
[praytimes.org/code/git/ade4.html]
[praytimes.org/code/git/cbea.html]
[praytimes.org/code/git/d61b.html]
[praytimes.org/code/git/9356.html]
[praytimes.org/code/git/e75e.html]
[praytimes.org/code/git/PrayTimes-csharp-a1a596.tar0077.gz_;]
[praytimes.org/code/git/PrayTimes-csharp-a1a596a80b.zip_;]
[praytimes.org/code/git/e3b7.html]
[praytimes.org/code/git/351d.html]
[praytimes.org/code/git/PrayTimes-js-6b5119.tar9462.gz_;]
[praytimes.org/code/git/PrayTimes-js-6b51198a86.zip_;]
[praytimes.org/code/git/2531.html]
[praytimes.org/code/git/481b.html]
[praytimes.org/code/git/PrayTimes-tree-53df87b.tar5ee2.gz_;]
[praytimes.org/code/git/e62a.html]
[praytimes.org/code/git/PrayTimes-tree-53df87bef92.zip_;]
[praytimes.org/code/git/9a5e.html]
[praytimes.org/code/git/e375.html]
[praytimes.org/code/git/PrayTimes-js-ef6355.tar2e3b.gz_;]
[praytimes.org/code/git/PrayTimes-js-ef63559497.zip_;]
[praytimes.org/code/git/PrayTimes-tree-8268737.tarc895.gz_;]
[praytimes.org/code/git/PrayTimes-tree-8268737878c.zip_;]
[praytimes.org/code/git/e5f4.html]
[praytimes.org/code/git/f5a9.html]
[praytimes.org/code/git/1112.html]
[praytimes.org/code/git/72e5.html]
[praytimes.org/code/git/ef05.html]
[praytimes.org/code/git/545f.html]
[praytimes.org/code/git/9c58.html]
[praytimes.org/code/git/d1de.html]
[praytimes.org/code/git/17ee.html]
[praytimes.org/code/git/fd91.html]
[praytimes.org/code/git/CMakeListsb05a.txt]
[praytimes.org/code/git/prayertimesb5d1.cpp]
[praytimes.org/code/git/prayertimes31a4.hpp]
[praytimes.org/code/git/PrayTimes-tree-671aeb6.tar6dc8.gz_;]
[praytimes.org/code/git/PrayTimes-tree-671aeb6eb1e.zip_;]
[praytimes.org/code/git/c658.html]
[praytimes.org/code/git/522e.html]
[praytimes.org/code/git/2f2e.html]
[praytimes.org/code/git/PrayTime3df2.cs]
[praytimes.org/code/git/sampleb343.cs]
[praytimes.org/code/git/PrayTimes-tree-c72271b.tard406.gz_;]
[praytimes.org/code/git/PrayTimes-tree-c72271b9f2a.zip_;]
[praytimes.org/code/git/2dc7.html]
[praytimes.org/code/git/e310.html]
[praytimes.org/code/git/85f3.html]
[praytimes.org/code/git/PrayTimedca4.java]
[praytimes.org/code/git/PrayTimes-tree-a41a6d6.tarccf5.gz_;]
[praytimes.org/code/git/PrayTimes-tree-a41a6d66fe5.zip_;]
[praytimes.org/code/git/ba32.html]
[praytimes.org/code/git/2905.html]
[praytimes.org/code/git/9e79.html]
[praytimes.org/code/git/PrayTimes-examples-99ecab.tarafc7.gz_;]
[praytimes.org/code/git/PrayTimes-examples-99ecab9b11.zip_;]
[praytimes.org/code/git/PrayTimes-tree-1813a18.tar2d62.gz_;]
[praytimes.org/code/git/PrayTimes-tree-1813a187d32.zip_;]
[praytimes.org/code/git/599f.html]
[praytimes.org/code/git/42a2.html]
[praytimes.org/code/git/9e9e.html]
[praytimes.org/code/git/PrayTime791e.h]
[praytimes.org/code/git/PrayTime2e5b.m]
[praytimes.org/code/git/PrayTimes-tree-fc1f127.tar79d8.gz_;]
[praytimes.org/code/git/PrayTimes-tree-fc1f127369d.zip_;]
[praytimes.org/code/git/a2b1.html]
[praytimes.org/code/git/f5ce.html]
[praytimes.org/code/git/527f.html]
[praytimes.org/code/git/PrayTime99fa.php]
[praytimes.org/code/git/sample7a7f.php]
[praytimes.org/code/git/PrayTimes-tree-be6b87b.tar50f5.gz_;]
[praytimes.org/code/git/PrayTimes-tree-be6b87bb3c0.zip_;]
[praytimes.org/code/git/92d7.html]
[praytimes.org/code/git/119d.html]
[praytimes.org/code/git/d668.html]
[praytimes.org/code/git/038a.html]
[praytimes.org/code/git/c97c.html]
[praytimes.org/code/git/c276.html]
[praytimes.org/code/git/6dbe.html]
[praytimes.org/code/git/514a.html]
[praytimes.org/code/git/82c3.html]
[praytimes.org/code/git/7e8f.html]
[praytimes.org/code/git/4f74.html]
[praytimes.org/code/git/a363.html]
[praytimes.org/code/git/b188.html]
[praytimes.org/code/git/6995.html]
[praytimes.org/code/git/PrayTimes-examples-ca6b5e.tar0b7b.gz_;]
[praytimes.org/code/git/PrayTimes-examples-ca6b5eefc9.zip_;]
[praytimes.org/code/git/PrayTimes-tree-53c61df.tar61cd.gz_;]
[praytimes.org/code/git/PrayTimes-tree-53c61dffff6.zip_;]
[praytimes.org/code/git/ba92.html]
[praytimes.org/code/git/9c4f.html]
[praytimes.org/code/git/1e70.html]
[praytimes.org/code/git/praytimes63e3.py]
[praytimes.org/code/git/PrayTimes-tree-73e3e5d.tar2dc3.gz_;]
[praytimes.org/code/git/PrayTimes-tree-73e3e5d4aac.zip_;]
[praytimes.org/code/git/c652.html]
[praytimes.org/code/git/f530.html]
[praytimes.org/code/git/b605.html]
[praytimes.org/code/git/d868.html]
[praytimes.org/code/git/d9e1.html]
[praytimes.org/code/git/d0e7.html]
[praytimes.org/code/git/b9ff.html]
[praytimes.org/code/git/45a2.html]
[praytimes.org/code/git/7570.html]
[praytimes.org/code/git/8c68.html]
[praytimes.org/code/git/4cee.html]
[praytimes.org/code/git/a5d2.html]
[praytimes.org/code/git/indexb2c3.html]
[praytimes.org/code/git/index4182.html]
[praytimes.org/code/git/index6713.html]
[praytimes.org/code/git/index8c18.html]
[praytimes.org/code/git/indexe9da.html]
[praytimes.org/code/git/indexc580.html]
[praytimes.org/code/git/indexcf0c.html]
[praytimes.org/code/git/index0669.html]
[praytimes.org/code/git/index5578.html]
[praytimes.org/code/git/indexe1dd.html]
[praytimes.org/code/git/indexd5d3.html]
[praytimes.org/code/git/indexe9b7.html]
[praytimes.org/code/git/index3e68.html]
[praytimes.org/code/git/index5ae3.html]
[praytimes.org/code/git/indexb711.html]
[praytimes.org/code/git/index1cf8.html]
[praytimes.org/code/git/indexe0dd.html]
[praytimes.org/code/git/index039c.html]
[praytimes.org/code/git/indexfca3.html]
[praytimes.org/code/git/index1c1a.html]
[praytimes.org/code/git/index7888.html]
[praytimes.org/code/git/index3ee8.html]
[praytimes.org/code/git/indexbe58.html]
[praytimes.org/code/git/indexcd36.html]
[praytimes.org/code/git/index74e9.html]
[praytimes.org/code/git/indexec7c.html]
[praytimes.org/code/git/index0d64.html]
[praytimes.org/code/git/indexbb45.html]
[praytimes.org/code/git/index68b5.html]
[praytimes.org/code/git/index10b6.html]
[praytimes.org/code/git/indexfca0.html]
[praytimes.org/code/git/index65e5.html]
[praytimes.org/code/git/index9f3c.html]
[praytimes.org/code/git/index7068.html]
[praytimes.org/code/git/index62b9.html]
[praytimes.org/code/git/index9770.html]
[praytimes.org/code/git/index8a3d.html]
[praytimes.org/code/git/index376d.html]
[praytimes.org/code/git/index1b07.html]
[praytimes.org/code/git/index6eaa.html]
[praytimes.org/code/git/indexf80b.html]
[praytimes.org/code/git/index85e8.html]
[praytimes.org/code/git/indexcc62.html]
[praytimes.org/code/git/index6990.html]
[praytimes.org/code/git/indexead5.html]
[praytimes.org/code/git/index4652.html]
[praytimes.org/code/git/indexa81a.html]
[praytimes.org/code/git/indexce4e.html]
[praytimes.org/code/git/indexcc79.html]
[praytimes.org/code/git/indexd081.html]
[praytimes.org/code/git/index3f61.html]
[praytimes.org/code/git/index6cfa.html]
[praytimes.org/code/git/indexc272.html]
[praytimes.org/code/git/index8350.html]
[praytimes.org/code/git/index23f7.html]
[praytimes.org/code/git/indexe761.html]
[praytimes.org/code/git/index1099.html]
[praytimes.org/code/git/index46b0.html]
[praytimes.org/code/git/index1cd8.html]
[praytimes.org/code/git/index7151.html]
[praytimes.org/code/git/index19d4.html]
[praytimes.org/code/git/index2626.html]
[praytimes.org/code/git/index9033.html]
[praytimes.org/code/git/index94c2.html]
[praytimes.org/code/git/index03e2.html]
[praytimes.org/code/git/index9773.html]
[praytimes.org/code/git/index7685.html]
[praytimes.org/code/git/indexd7d2.html]
[praytimes.org/code/git/indexcaff.html]
[praytimes.org/code/git/index393f.html]
[praytimes.org/code/git/indexe934.html]
[praytimes.org/code/git/index724f.html]
[praytimes.org/code/git/index048b.html]
[praytimes.org/code/git/index168f.html]
[praytimes.org/code/git/index7b79.html]
[praytimes.org/code/git/index8d7b.html]
[praytimes.org/code/git/indexa2f3.html]
[praytimes.org/code/git/indexb4b7.html]
[praytimes.org/code/git/indexeac8.html]
[praytimes.org/code/git/index6584.html]
[praytimes.org/code/git/index238b.html]
[praytimes.org/code/git/index60c2.html]
[praytimes.org/code/git/index49cd.html]
[praytimes.org/code/git/indexe819.html]
[praytimes.org/code/git/index3512.html]
[praytimes.org/code/git/indexfe89.html]
[praytimes.org/code/git/index09d6.html]
[praytimes.org/code/git/indexf091.html]
[praytimes.org/code/git/indexaba1.html]
[praytimes.org/code/git/index53ab.html]
[praytimes.org/code/git/index4226.html]
[praytimes.org/code/git/index6aed.html]
[praytimes.org/code/git/index9667.html]
[praytimes.org/code/git/indexc254.html]
[praytimes.org/code/git/index1658.html]
[praytimes.org/code/git/indexc6e8.html]
[praytimes.org/code/git/indexfc86.html]
[praytimes.org/code/git/index036a.html]
[praytimes.org/code/git/index5c28.html]
[praytimes.org/code/git/index9f5b.html]
[praytimes.org/code/git/index62b0.html]
[praytimes.org/code/git/index9f9a.html]
[praytimes.org/code/git/indexbbbd.html]
[praytimes.org/code/git/index02ef.html]
[praytimes.org/code/git/indexba5f.html]
[praytimes.org/code/git/index8c1c.html]
[praytimes.org/code/git/indexdfe0.html]
[praytimes.org/code/git/indexf248.html]
[praytimes.org/code/git/indexfe85.html]
[praytimes.org/code/git/indexd151.html]
[praytimes.org/code/git/index8078.html]
[praytimes.org/code/git/index9a24.html]
[praytimes.org/code/git/index99d9.html]
[praytimes.org/code/git/index46ac.html]
[praytimes.org/code/git/indexb9ec.html]
[praytimes.org/code/git/indexf981.html]
[praytimes.org/code/git/indexae6f.html]
[praytimes.org/code/git/indexec01.html]
[praytimes.org/code/git/index4883.html]
[praytimes.org/code/git/indexe895.html]
[praytimes.org/code/git/index739b.html]
[praytimes.org/code/git/indexad1e.html]
[praytimes.org/code/git/index9c8d.html]
[praytimes.org/code/git/indexc4ae.html]
[praytimes.org/code/git/index0808.html]
[praytimes.org/code/git/index7c93.html]
[praytimes.org/code/git/index48af.html]
[praytimes.org/code/git/index6e1c.html]
[praytimes.org/code/git/indexdeb3.html]
[praytimes.org/code/git/index7adf.html]
[praytimes.org/code/git/index84b6.html]
[praytimes.org/code/git/indexcab3.html]
[praytimes.org/code/git/indexcd13.html]
[praytimes.org/code/git/index8127.html]
[praytimes.org/code/git/indexf8f2.html]
[praytimes.org/code/git/index1747.html]
[praytimes.org/code/git/indexd059.html]
[praytimes.org/code/git/index9cd4.html]
[praytimes.org/code/git/index0cca.html]
[praytimes.org/code/git/indexf20a.html]
[praytimes.org/code/git/indexb117.html]
[praytimes.org/code/git/index6ce0.html]
[praytimes.org/code/git/index4326.html]
[praytimes.org/code/git/index6ae6.html]
[praytimes.org/code/git/indexd362.html]
[praytimes.org/code/git/indexa72f.html]
[praytimes.org/code/git/index004c.html]
[praytimes.org/code/git/index03d5.html]
[praytimes.org/code/git/index52fe.html]
[praytimes.org/code/git/index6c95.html]
[praytimes.org/code/git/index78ef.html]
[praytimes.org/code/git/index0b22.html]
[praytimes.org/code/git/index42ce.html]
[praytimes.org/code/git/index2769.html]
[praytimes.org/code/git/indexd5c7.html]
[praytimes.org/code/git/index850d.html]
[praytimes.org/code/git/indexfc08.html]
[praytimes.org/code/git/index5356.html]
[praytimes.org/code/git/index6bfb.html]
[praytimes.org/code/git/indexef50.html]
[praytimes.org/code/git/indexa7d5.html]
[praytimes.org/code/git/index3d7b.html]
[praytimes.org/code/git/index0c22.html]
[praytimes.org/code/git/index5023.html]
[praytimes.org/code/git/indexa3a0.html]
[praytimes.org/code/git/index51a7.html]
[praytimes.org/code/git/indexfd85.html]
[praytimes.org/code/git/index3c73.html]
[praytimes.org/code/git/indexf34b.html]
[praytimes.org/code/git/index9dc4.html]
[praytimes.org/code/git/index9356.html]
[praytimes.org/code/git/index024b.html]
[praytimes.org/code/git/indexe2fa.html]
[praytimes.org/code/git/index4514.html]
[praytimes.org/code/git/indexe75e.html]
[praytimes.org/code/git/index1c13.html]
[praytimes.org/code/git/indexe3b7.html]
[praytimes.org/code/git/indexced7.html]
[praytimes.org/code/git/indexcc24.html]
[praytimes.org/code/git/index351d.html]
[praytimes.org/code/git/indexdce7.html]
[praytimes.org/code/git/index2531.html]
[praytimes.org/code/git/index38cf.html]
[praytimes.org/code/git/indexbb62.html]
[praytimes.org/code/git/indexf9b5.html]
[praytimes.org/code/git/index481b.html]
[praytimes.org/code/git/index0c04.html]
[praytimes.org/code/git/index9a5e.html]
[praytimes.org/code/git/index4b92.html]
[praytimes.org/code/git/indexe375.html]
[praytimes.org/code/git/index200b.html]
[praytimes.org/code/git/indexbc42.html]
[praytimes.org/code/git/index8a4e.html]
[praytimes.org/code/git/index4f74.html]
[praytimes.org/code/git/indexbcb7.html]
[praytimes.org/code/git/indexa363.html]
[praytimes.org/code/git/indexca34.html]
[praytimes.org/code/git/index7dd3.html]
[praytimes.org/code/git/index1405.html]
[praytimes.org/code/git/index6876.html]
[praytimes.org/code/git/index075e.html]
[praytimes.org/code/git/index02a4.html]
[praytimes.org/code/git/indexb08d.html]
[praytimes.org/code/git/indexc30f.html]
[praytimes.org/code/git/index9f09.html]
[praytimes.org/code/git/index079e.html]
[praytimes.org/code/git/index16d0.html]
[praytimes.org/code/git/index1112.html]
[praytimes.org/code/git/index0d66.html]
[praytimes.org/code/git/index315a.html]
[praytimes.org/code/git/index72e5.html]
[praytimes.org/code/git/indexb937.html]
[praytimes.org/code/git/index5eeb.html]
[praytimes.org/code/git/indexef05-2.html]
[praytimes.org/code/git/indexe4d2.html]
[praytimes.org/code/git/index609c.html]
[praytimes.org/code/git/index545f.html]
[praytimes.org/code/git/indexffd2.html]
[praytimes.org/code/git/indexf1c0.html]
[praytimes.org/code/git/index9c58.html]
[praytimes.org/code/git/index0176.html]
[praytimes.org/code/git/index75d4.html]
[praytimes.org/code/git/indexd1de.html]
[praytimes.org/code/git/indexa1a7.html]
[praytimes.org/code/git/index7c85.html]
[praytimes.org/code/git/index9a9c.html]
[praytimes.org/code/git/index9fe4.html]
[praytimes.org/code/git/index3157.html]
[praytimes.org/code/git/indexca16.html]
[praytimes.org/code/git/index81c0.html]
[praytimes.org/code/git/index8a0b.html]
[praytimes.org/code/git/index9543.html]
[praytimes.org/code/git/indexa139.html]
[praytimes.org/code/git/index4bbe.html]
[praytimes.org/code/git/index37fa.html]
[praytimes.org/code/git/index4020.html]
[praytimes.org/code/git/index3692.html]
[praytimes.org/code/git/index77a0.html]
[praytimes.org/code/git/index185a.html]
[praytimes.org/code/git/index8d32.html]
[praytimes.org/code/git/indexbfc3.html]
[praytimes.org/code/git/index40be.html]
[praytimes.org/code/git/indexc02a.html]
[praytimes.org/code/git/index5d71.html]
[praytimes.org/code/git/index44e1.html]
[praytimes.org/code/git/index878f.html]
[praytimes.org/code/git/index9dd8.html]
[praytimes.org/code/git/index1b4b.html]
[praytimes.org/code/git/index0375.html]
[praytimes.org/code/git/index8ffe.html]
[praytimes.org/code/git/index9734.html]
[praytimes.org/code/git/index8ee6.html]
[praytimes.org/code/git/indexa877.html]
[praytimes.org/code/git/indexc6e5.html]
[praytimes.org/code/git/index1d81.html]
[praytimes.org/code/git/index3760.html]
[praytimes.org/code/git/index5e66.html]
[praytimes.org/code/git/index4235.html]
[praytimes.org/code/git/indexe2be.html]
[praytimes.org/code/git/index9f53.html]
[praytimes.org/code/git/indexb0fc.html]
[praytimes.org/code/git/indexe536.html]
[praytimes.org/code/git/index6dfa.html]
[praytimes.org/code/git/index915d.html]
[praytimes.org/code/git/index5082-2.html]
[praytimes.org/code/git/2ae5.html]
[praytimes.org/code/git/indexf83e.html]
[praytimes.org/code/git/index79b3.html]
[praytimes.org/code/git/index8e17.html]
[praytimes.org/code/git/c4c3.html]
[praytimes.org/code/git/indexda87.html]
[praytimes.org/code/git/7fc1.html]
[praytimes.org/code/git/indexe6ad.html]
[praytimes.org/code/git/index7674.html]
[praytimes.org/code/git/indexb857.html]
[praytimes.org/code/git/cea3.html]
[praytimes.org/code/git/index789b.html]
[praytimes.org/code/git/9590.html]
[praytimes.org/code/git/index9f02.html]
[praytimes.org/code/git/indexd1ba.html]
[praytimes.org/code/git/index0b91.html]
[praytimes.org/code/git/2879.html]
[praytimes.org/code/git/index4241.html]
[praytimes.org/code/git/4e88.html]
[praytimes.org/code/git/indexaa2c.html]
[praytimes.org/code/git/indexd8a7.html]
[praytimes.org/code/git/indexf9c4.html]
[praytimes.org/code/git/2451.html]
[praytimes.org/code/git/indexbd28.html]
[praytimes.org/code/git/cb96.html]
[praytimes.org/code/git/index4d0d.html]
[praytimes.org/code/git/index5583.html]
[praytimes.org/code/git/0d51.html]
[praytimes.org/code/git/index212c.html]
[praytimes.org/code/git/index2c2b.html]
[praytimes.org/code/git/index2b78.html]
[praytimes.org/code/git/index7474.html]
[praytimes.org/code/git/4182.html]
[praytimes.org/code/git/index38d5.html]
[praytimes.org/code/git/index2bb8.html]
[praytimes.org/code/git/index660d.html]
[praytimes.org/code/git/indexd4e8.html]
[praytimes.org/code/git/8c18.html]
[praytimes.org/code/git/indexc447.html]
[praytimes.org/code/git/index8bdf.html]
[praytimes.org/code/git/index304a.html]
[praytimes.org/code/git/index381d.html]
[praytimes.org/code/git/c580.html]
[praytimes.org/code/git/indexcbaa.html]
[praytimes.org/code/git/index16f7.html]
[praytimes.org/code/git/index414b.html]
[praytimes.org/code/git/index0cb7.html]
[praytimes.org/code/git/e9da.html]
[praytimes.org/code/git/index35fb.html]
[praytimes.org/code/git/index1b10.html]
[praytimes.org/code/git/index23ca.html]
[praytimes.org/code/git/index1ed2.html]
[praytimes.org/code/git/0669.html]
[praytimes.org/code/git/index6cd0.html]
[praytimes.org/code/git/index546c.html]
[praytimes.org/code/git/indexbd41.html]
[praytimes.org/code/git/index5fe0.html]
[praytimes.org/code/git/d5d3.html]
[praytimes.org/code/git/b2c3.html]
[praytimes.org/code/git/index7f1d.html]
[praytimes.org/code/git/indexf2e3.html]
[praytimes.org/code/git/indexc0cc.html]
[praytimes.org/code/git/index117a.html]
[praytimes.org/code/git/index7ed3.html]
[praytimes.org/code/git/e1dd.html]
[praytimes.org/code/git/index6783.html]
[praytimes.org/code/git/index5693.html]
[praytimes.org/code/git/index02a3.html]
[praytimes.org/code/git/e9b7.html]
[praytimes.org/code/git/index2c23.html]
[praytimes.org/code/git/index82f2.html]
[praytimes.org/code/git/indexa8e3.html]
[praytimes.org/code/git/5ae3.html]
[praytimes.org/code/git/index1eea.html]
[praytimes.org/code/git/index41a2.html]
[praytimes.org/code/git/indexd977.html]
[praytimes.org/code/git/index7760.html]
[praytimes.org/code/git/prayertimesb711.cpp]
[praytimes.org/code/git/index1b4a.html]
[praytimes.org/code/git/indexaec9.html]
[praytimes.org/code/git/indexcc92.html]
[praytimes.org/code/git/index2437.html]
[praytimes.org/code/git/1c1a.html]
[praytimes.org/code/git/indexc647.html]
[praytimes.org/code/git/index1fb1.html]
[praytimes.org/code/git/index26c1.html]
[praytimes.org/code/git/index6651.html]
[praytimes.org/code/git/prayertimese0dd.hpp]
[praytimes.org/code/git/PrayTimes-tree-c2ad5b5.tarfca3.gz_;]
[praytimes.org/code/git/index89e1.html]
[praytimes.org/code/git/indexf28c.html]
[praytimes.org/code/git/index836c.html]
[praytimes.org/code/git/PrayTimes-tree-c2ad5b53ee8.zip_;]
[praytimes.org/code/git/6713.html]
[praytimes.org/code/git/indexd4ed.html]
[praytimes.org/code/git/indexbcf5.html]
[praytimes.org/code/git/index41f0.html]
[praytimes.org/code/git/index9312.html]
[praytimes.org/code/git/cd36.html]
[praytimes.org/code/git/index2ed0.html]
[praytimes.org/code/git/index125a.html]
[praytimes.org/code/git/index6702.html]
[praytimes.org/code/git/bb45.html]
[praytimes.org/code/git/PrayTimeec7c.cs]
[praytimes.org/code/git/indexb2d5.html]
[praytimes.org/code/git/index70be.html]
[praytimes.org/code/git/index2269.html]
[praytimes.org/code/git/68b5.html]
[praytimes.org/code/git/indexd52a.html]
[praytimes.org/code/git/indexf3b4.html]
[praytimes.org/code/git/indexfb1d.html]
[praytimes.org/code/git/index488d.html]
[praytimes.org/code/git/PrayTimes-tree-98bbbf7.tarfca0.gz_;]
[praytimes.org/code/git/index8ded.html]
[praytimes.org/code/git/indexf20d.html]
[praytimes.org/code/git/PrayTimes-tree-98bbbf765e5.zip_;]
[praytimes.org/code/git/index52c6.html]
[praytimes.org/code/git/index418e.html]
[praytimes.org/code/git/cf0c.html]
[praytimes.org/code/git/index2697.html]
[praytimes.org/code/git/indexbd9c.html]
[praytimes.org/code/git/index06f6.html]
[praytimes.org/code/git/index997f.html]
[praytimes.org/code/git/7068.html]
[praytimes.org/code/git/index7472.html]
[praytimes.org/code/git/index0da6.html]
[praytimes.org/code/git/1b07.html]
[praytimes.org/code/git/PrayTime62b9.java]
[praytimes.org/code/git/PrayTimes-tree-b712c77.tar376d.gz_;]
[praytimes.org/code/git/5578.html]
[praytimes.org/code/git/PrayTimes-tree-b712c778a3d.zip_;]
[praytimes.org/code/git/85e8.html]
[praytimes.org/code/git/6990.html]
[praytimes.org/code/git/ead5.html]
[praytimes.org/code/git/3e68.html]
[praytimes.org/code/git/a81a.html]
[praytimes.org/code/git/d081.html]
[praytimes.org/code/git/PrayTimece4e.h]
[praytimes.org/code/git/c272.html]
[praytimes.org/code/git/PrayTime3f61.m]
[praytimes.org/code/git/PrayTimes-tree-95c883d.tare761.gz_;]
[praytimes.org/code/git/1cf8.html]
[praytimes.org/code/git/PrayTimes-tree-95c883d23f7.zip_;]
[praytimes.org/code/git/46b0.html]
[praytimes.org/code/git/2626.html]
[praytimes.org/code/git/PrayTime7151.php]
[praytimes.org/code/git/94c2.html]
[praytimes.org/code/git/sample03e2.php]
[praytimes.org/code/git/PrayTimes-tree-0069ce4.tar9773.gz_;]
[praytimes.org/code/git/PrayTimes-tree-0069ce4caff.zip_;]
[praytimes.org/code/git/039c.html]
[praytimes.org/code/git/393f.html]
[praytimes.org/code/git/e934.html]
[praytimes.org/code/git/7888.html]
[praytimes.org/code/git/048b.html]
[praytimes.org/code/git/8d7b.html]
[praytimes.org/code/git/be58.html]
[praytimes.org/code/git/a2f3.html]
[praytimes.org/code/git/7b79.html]
[praytimes.org/code/git/74e9.html]
[praytimes.org/code/git/eac8.html]
[praytimes.org/code/git/9f09.html]
[praytimes.org/code/git/PrayTimes-tree-ca6b5ef.tarafea.gz_;]
[praytimes.org/code/git/PrayTimes-tree-ca6b5ef35d1.zip_;]
[praytimes.org/code/git/7282.html]
[praytimes.org/code/git/114b.html]
[praytimes.org/code/git/9ed0.html]
[praytimes.org/code/git/1dc4.html]
[praytimes.org/code/git/f3a7.html]
[praytimes.org/code/git/49cd.html]
[praytimes.org/code/git/238b.html]
[praytimes.org/code/git/60c2.html]
[praytimes.org/code/git/3512.html]
[praytimes.org/code/git/f091.html]
[praytimes.org/code/git/09d6.html]
[praytimes.org/code/git/0d64.html]
[praytimes.org/code/git/aba1.html]
[praytimes.org/code/git/4226.html]
[praytimes.org/code/git/1658.html]
[praytimes.org/code/git/10b6.html]
[praytimes.org/code/git/c6e8.html]
[praytimes.org/code/git/9667.html]
[praytimes.org/code/git/fc86.html]
[praytimes.org/code/git/9f3c.html]
[praytimes.org/code/git/5c28.html]
[praytimes.org/code/git/62b0.html]
[praytimes.org/code/git/9770.html]
[praytimes.org/code/git/02ef.html]
[praytimes.org/code/git/9f9a.html]
[praytimes.org/code/git/ba5f.html]
[praytimes.org/code/git/6eaa.html]
[praytimes.org/code/git/f248.html]
[praytimes.org/code/git/dfe0.html]
[praytimes.org/code/git/d151.html]
[praytimes.org/code/git/f80b.html]
[praytimes.org/code/git/9a24.html]
[praytimes.org/code/git/99d9.html]
[praytimes.org/code/git/46ac.html]
[praytimes.org/code/git/cc62.html]
[praytimes.org/code/git/f981.html]
[praytimes.org/code/git/4883.html]
[praytimes.org/code/git/ec01.html]
[praytimes.org/code/git/4652.html]
[praytimes.org/code/git/e895.html]
[praytimes.org/code/git/ad1e.html]
[praytimes.org/code/git/0808.html]
[praytimes.org/code/git/PrayTimes-tree-043085f.tarc4ae.gz_;]
[praytimes.org/code/git/PrayTimes-tree-043085f6e1c.zip_;]
[praytimes.org/code/git/cc79.html]
[praytimes.org/code/git/deb3.html]
[praytimes.org/code/git/84b6.html]
[praytimes.org/code/git/praytimesf8f2.py]
[praytimes.org/code/git/PrayTimes-tree-4aa8aa6.tarcab3.gz_;]
[praytimes.org/code/git/PrayTimes-tree-4aa8aa6cd13.zip_;]
[praytimes.org/code/git/6cfa.html]
[praytimes.org/code/git/ae66.html]
[praytimes.org/code/git/d059.html]
[praytimes.org/code/git/0cca.html]
[praytimes.org/code/git/f20a.html]
[praytimes.org/code/git/6ce0.html]
[praytimes.org/code/git/d362.html]
[praytimes.org/code/git/6ae6.html]
[praytimes.org/code/git/8350.html]
[praytimes.org/code/git/a72f.html]
[praytimes.org/code/git/03d5.html]
[praytimes.org/code/git/42ce.html]
[praytimes.org/code/git/1099.html]
[praytimes.org/code/git/78ef.html]
[praytimes.org/code/git/6c95.html]
[praytimes.org/code/git/d5c7.html]
[praytimes.org/code/git/850d.html]
[praytimes.org/code/git/1cd8.html]
[praytimes.org/code/git/fc08.html]
[praytimes.org/code/git/19d4.html]
[praytimes.org/code/git/6bfb.html]
[praytimes.org/code/git/a7d5.html]
[praytimes.org/code/git/0c22.html]
[praytimes.org/code/git/3d7b.html]
[praytimes.org/code/git/9033.html]
[praytimes.org/code/git/a3a0.html]
[praytimes.org/code/git/fd85.html]
[praytimes.org/code/git/7685.html]
[praytimes.org/code/git/9dc4.html]
[praytimes.org/code/git/3c73.html]
[praytimes.org/code/git/024b.html]
[praytimes.org/code/git/d7d2.html]
[praytimes.org/code/git/4514.html]
[praytimes.org/code/git/e2fa.html]
[praytimes.org/code/git/1c13.html]
[praytimes.org/code/git/724f.html]
[praytimes.org/code/git/ced7.html]
[praytimes.org/code/git/cc24.html]
[praytimes.org/code/git/dce7.html]
[praytimes.org/code/git/PrayTimes-examples-288178.tar0c04.gz_;]
[praytimes.org/code/git/PrayTimes-examples-28817838cf.zip_;]
[praytimes.org/code/git/PrayTimes-tree-4873d52.tarbb62.gz_;]
[praytimes.org/code/git/PrayTimes-tree-4873d52f9b5.zip_;]
[praytimes.org/code/git/168f.html]
[praytimes.org/code/git/200b.html]
[praytimes.org/code/git/b4b7.html]
[praytimes.org/code/git/4b92.html]
[praytimes.org/code/git/8a4e.html]
[praytimes.org/code/git/bc42.html]
[praytimes.org/code/git/bcb7.html]
[praytimes.org/code/git/ca34.html]
[praytimes.org/code/git/7dd3.html]
[praytimes.org/code/git/6584.html]
[praytimes.org/code/git/1405.html]
[praytimes.org/code/git/075e.html]
[praytimes.org/code/git/e819.html]
[praytimes.org/code/git/b08d.html]
[praytimes.org/code/git/c30f.html]
[praytimes.org/code/git/fe89.html]
[praytimes.org/code/git/079e.html]
[praytimes.org/code/git/16d0.html]
[praytimes.org/code/git/0d66.html]
[praytimes.org/code/git/315a.html]
[praytimes.org/code/git/53ab.html]
[praytimes.org/code/git/b937.html]
[praytimes.org/code/git/5eeb.html]
[praytimes.org/code/git/6aed.html]
[praytimes.org/code/git/609c.html]
[praytimes.org/code/git/e4d2.html]
[praytimes.org/code/git/f1c0.html]
[praytimes.org/code/git/c254.html]
[praytimes.org/code/git/ffd2.html]
[praytimes.org/code/git/0176.html]
[praytimes.org/code/git/75d4.html]
[praytimes.org/code/git/036a.html]
[praytimes.org/code/git/a1a7.html]
[praytimes.org/code/git/9a9c.html]
[praytimes.org/code/git/3157.html]
[praytimes.org/code/git/9f5b.html]
[praytimes.org/code/git/9fe4.html]
[praytimes.org/code/git/bbbd.html]
[praytimes.org/code/git/81c0.html]
[praytimes.org/code/git/9543.html]
[praytimes.org/code/git/a139.html]
[praytimes.org/code/git/4bbe.html]
[praytimes.org/code/git/4020.html]
[praytimes.org/code/git/185a.html]
[praytimes.org/code/git/8c1c.html]
[praytimes.org/code/git/77a0.html]
[praytimes.org/code/git/8d32.html]
[praytimes.org/code/git/fe85.html]
[praytimes.org/code/git/40be.html]
[praytimes.org/code/git/5d71.html]
[praytimes.org/code/git/8078.html]
[praytimes.org/code/git/878f.html]
[praytimes.org/code/git/44e1.html]
[praytimes.org/code/git/1b4b.html]
[praytimes.org/code/git/b9ec.html]
[praytimes.org/code/git/9734.html]
[praytimes.org/code/git/8ffe.html]
[praytimes.org/code/git/8ee6.html]
[praytimes.org/code/git/ae6f.html]
[praytimes.org/code/git/c6e5.html]
[praytimes.org/code/git/5e66.html]
[praytimes.org/code/git/3760.html]
[praytimes.org/code/git/739b.html]
[praytimes.org/code/git/4235.html]
[praytimes.org/code/git/9f53.html]
[praytimes.org/code/git/9c8d.html]
[praytimes.org/code/git/e536.html]
[praytimes.org/code/git/6dfa.html]
[praytimes.org/code/git/5082.html]
[praytimes.org/code/git/PrayTimes-tree-5cda334.tarf83e.gz_;]
[praytimes.org/code/git/PrayTimes-tree-5cda33479b3.zip_;]
[praytimes.org/code/git/7c93.html]
[praytimes.org/code/git/8e17.html]
[praytimes.org/code/git/da87.html]
[praytimes.org/code/git/b857.html]
[praytimes.org/code/git/e6ad.html]
[praytimes.org/code/git/7674.html]
[praytimes.org/code/git/48af.html]
[praytimes.org/code/git/789b.html]
[praytimes.org/code/git/0b91.html]
[praytimes.org/code/git/d1ba.html]
[praytimes.org/code/git/7adf.html]
[praytimes.org/code/git/9f02.html]
[praytimes.org/code/git/8127.html]
[praytimes.org/code/git/4241.html]
[praytimes.org/code/git/d8a7.html]
[praytimes.org/code/git/aa2c.html]
[praytimes.org/code/git/1747.html]
[praytimes.org/code/git/f9c4.html]
[praytimes.org/code/git/bd28.html]
[praytimes.org/code/git/5583.html]
[praytimes.org/code/git/9cd4.html]
[praytimes.org/code/git/212c.html]
[praytimes.org/code/git/4d0d.html]
[praytimes.org/code/git/2b78.html]
[praytimes.org/code/git/PrayTime2c2b.php]
[praytimes.org/code/git/7474.html]
[praytimes.org/code/git/sample2bb8.php]
[praytimes.org/code/git/PrayTimes-tree-82639ca.tar38d5.gz_;]
[praytimes.org/code/git/PrayTimes-tree-82639ca660d.zip_;]
[praytimes.org/code/git/b117.html]
[praytimes.org/code/git/d4e8.html]
[praytimes.org/code/git/4326.html]
[praytimes.org/code/git/c447.html]
[praytimes.org/code/git/381d.html]
[praytimes.org/code/git/004c.html]
[praytimes.org/code/git/64d5.html]
[praytimes.org/code/git/304a.html]
[praytimes.org/code/git/8a0b.html]
[praytimes.org/code/git/PrayTimes-tree-99ecab2.tar97de.gz_;]
[praytimes.org/code/git/PrayTimes-tree-99ecab25c24.zip_;]
[praytimes.org/code/git/a899.html]
[praytimes.org/code/git/dbda.html]
[praytimes.org/code/git/7600.html]
[praytimes.org/code/git/d55a.html]
[praytimes.org/code/git/1bff.html]
[praytimes.org/code/git/8bdf.html]
[praytimes.org/code/git/414b.html]
[praytimes.org/code/git/cbaa.html]
[praytimes.org/code/git/0cb7.html]
[praytimes.org/code/git/16f7.html]
[praytimes.org/code/git/52fe.html]
[praytimes.org/code/git/1b10.html]
[praytimes.org/code/git/1ed2.html]
[praytimes.org/code/git/23ca.html]
[praytimes.org/code/git/0b22.html]
[praytimes.org/code/git/35fb.html]
[praytimes.org/code/git/2769.html]
[praytimes.org/code/git/bd41.html]
[praytimes.org/code/git/6cd0.html]
[praytimes.org/code/git/5fe0.html]
[praytimes.org/code/git/5356.html]
[praytimes.org/code/git/546c.html]
[praytimes.org/code/git/f2e3.html]
[praytimes.org/code/git/c0cc.html]
[praytimes.org/code/git/ef50.html]
[praytimes.org/code/git/117a.html]
[praytimes.org/code/git/7f1d.html]
[praytimes.org/code/git/7ed3.html]
[praytimes.org/code/git/02a3.html]
[praytimes.org/code/git/5023.html]
[praytimes.org/code/git/5693.html]
[praytimes.org/code/git/51a7.html]
[praytimes.org/code/git/6783.html]
[praytimes.org/code/git/a8e3.html]
[praytimes.org/code/git/82f2.html]
[praytimes.org/code/git/PrayTimes-tree-8b27453.tar2c23.gz_;]
[praytimes.org/code/git/PrayTimes-tree-8b274531eea.zip_;]
[praytimes.org/code/git/f34b.html]
[praytimes.org/code/git/d61b.html]
[praytimes.org/code/git/d977.html]
[praytimes.org/code/git/41a2.html]
[praytimes.org/code/git/7760.html]
[praytimes.org/code/git/1b4a.html]
[praytimes.org/code/git/cc92.html]
[praytimes.org/code/git/9356.html]
[praytimes.org/code/git/aec9.html]
[praytimes.org/code/git/2437.html]
[praytimes.org/code/git/26c1.html]
[praytimes.org/code/git/sample6651.cs]
[praytimes.org/code/git/PrayTimes-tree-a1a5966.tar1fb1.gz_;]
[praytimes.org/code/git/PrayTimes-tree-a1a5966c647.zip_;]
[praytimes.org/code/git/e75e.html]
[praytimes.org/code/git/f28c.html]
[praytimes.org/code/git/e3b7.html]
[praytimes.org/code/git/836c.html]
[praytimes.org/code/git/89e1.html]
[praytimes.org/code/git/41f0.html]
[praytimes.org/code/git/9312.html]
[praytimes.org/code/git/PrayTimes-examples-c8bf96.tarbcf5.gz_;]
[praytimes.org/code/git/PrayTimes-examples-c8bf96d4ed.zip_;]
[praytimes.org/code/git/PrayTimes-tree-6b5119a.tar2ed0.gz_;]
[praytimes.org/code/git/PrayTimes-tree-6b5119a125a.zip_;]
[praytimes.org/code/git/351d.html]
[praytimes.org/code/git/6702.html]
[praytimes.org/code/git/70be.html]
[praytimes.org/code/git/2531.html]
[praytimes.org/code/git/2269.html]
[praytimes.org/code/git/b2d5.html]
[praytimes.org/code/git/488d.html]
[praytimes.org/code/git/fb1d.html]
[praytimes.org/code/git/481b.html]
[praytimes.org/code/git/f3b4.html]
[praytimes.org/code/git/9a5e.html]
[praytimes.org/code/git/d52a.html]
[praytimes.org/code/git/52c6.html]
[praytimes.org/code/git/f20d.html]
[praytimes.org/code/git/PrayTimes-tree-ef63554.tar8ded.gz_;]
[praytimes.org/code/git/PrayTimes-tree-ef63554418e.zip_;]
[praytimes.org/code/git/e375.html]
[praytimes.org/code/git/1112.html]
[praytimes.org/code/git/72e5.html]
[praytimes.org/code/git/ef05.html]
[praytimes.org/code/git/545f.html]
[praytimes.org/code/git/9c58.html]
[praytimes.org/code/git/d1de.html]
[praytimes.org/code/git/9dd8.html]
[praytimes.org/code/git/0375.html]
[praytimes.org/code/git/a877.html]
[praytimes.org/code/git/fd91.html]
[praytimes.org/code/git/5eb0.html]
[praytimes.org/code/git/9dec.html]
[praytimes.org/code/git/d328.html]
[praytimes.org/code/git/c658.html]
[praytimes.org/code/git/e2d2.html]
[praytimes.org/code/git/b0fc.html]
[praytimes.org/code/git/915d.html]
[praytimes.org/code/git/2f2e.html]
[praytimes.org/code/git/80df.html]
[praytimes.org/code/git/723b.html]
[praytimes.org/code/git/2dc7.html]
[praytimes.org/code/git/e1ba.html]
[praytimes.org/code/git/c02a.html]
[praytimes.org/code/git/85f3.html]
[praytimes.org/code/git/ddc3.html]
[praytimes.org/code/git/b5dd.html]
[praytimes.org/code/git/ba32.html]
[praytimes.org/code/git/7c85.html]
[praytimes.org/code/git/ca16.html]
[praytimes.org/code/git/9e79.html]
[praytimes.org/code/git/PrayTimef583.js]
[praytimes.org/code/git/6d51.html]
[praytimes.org/code/git/26ab.html]
[praytimes.org/code/git/ab3f.html]
[praytimes.org/code/git/599f.html]
[praytimes.org/code/git/1d81.html]
[praytimes.org/code/git/e2be.html]
[praytimes.org/code/git/9e9e.html]
[praytimes.org/code/git/1946.html]
[praytimes.org/code/git/d07b.html]
[praytimes.org/code/git/f5ce.html]
[praytimes.org/code/git/d986.html]
[praytimes.org/code/git/3692.html]
[praytimes.org/code/git/bfc3.html]
[praytimes.org/code/git/527f.html]
[praytimes.org/code/git/d735.html]
[praytimes.org/code/git/4835.html]
[praytimes.org/code/git/92d7.html]
[praytimes.org/code/git/0b9c.html]
[praytimes.org/code/git/2c8d.html]
[praytimes.org/code/git/e1c0.html]
[praytimes.org/code/git/877d.html]
[praytimes.org/code/git/2df5.html]
[praytimes.org/code/git/c3f2.html]
[praytimes.org/code/git/3c1d.html]
[praytimes.org/code/git/d668.html]
[praytimes.org/code/git/038a.html]
[praytimes.org/code/git/c97c.html]
[praytimes.org/code/git/c276.html]
[praytimes.org/code/git/6dbe.html]
[praytimes.org/code/git/514a.html]
[praytimes.org/code/git/82c3.html]
[praytimes.org/code/git/4f74.html]
[praytimes.org/code/git/a363.html]
[praytimes.org/code/git/6876.html]
[praytimes.org/code/git/02a4.html]
[praytimes.org/code/git/6995.html]
[praytimes.org/code/git/PrayTimes5cd0.js]
[praytimes.org/code/git/0abc.html]
[praytimes.org/code/git/dbee.html]
[praytimes.org/code/git/ba92.html]
[praytimes.org/code/git/34bc.html]
[praytimes.org/code/git/37fa.html]
[praytimes.org/code/git/1e70.html]
[praytimes.org/code/git/1ac1.html]
[praytimes.org/code/git/c652.html]
[praytimes.org/code/git/eff7.html]
[praytimes.org/code/git/c845.html]
[praytimes.org/code/git/9108.html]
[praytimes.org/code/git/b605.html]
[praytimes.org/code/git/d868.html]
[praytimes.org/code/git/d9e1.html]
[praytimes.org/code/git/b9ff.html]
[praytimes.org/code/git/index4182.html]
[praytimes.org/code/git/index8c18.html]
[praytimes.org/code/git/indexc580.html]
[praytimes.org/code/git/indexe9da.html]
[praytimes.org/code/git/index0669.html]
[praytimes.org/code/git/indexd5d3.html]
[praytimes.org/code/git/indexe1dd.html]
[praytimes.org/code/git/indexe9b7.html]
[praytimes.org/code/git/index5ae3.html]
[praytimes.org/code/git/index1c1a.html]
[praytimes.org/code/git/indexcd36.html]
[praytimes.org/code/git/index72da.html]
[praytimes.org/code/git/index7aad.html]
[praytimes.org/code/git/indexbb45.html]
[praytimes.org/code/git/index68b5.html]
[praytimes.org/code/git/index7068.html]
[praytimes.org/code/git/index4a6b.html]
[praytimes.org/code/git/index6234.html]
[praytimes.org/code/git/index1b07.html]
[praytimes.org/code/git/index85e8.html]
[praytimes.org/code/git/index55cb.html]
[praytimes.org/code/git/indexf591.html]
[praytimes.org/code/git/index6990.html]
[praytimes.org/code/git/indexead5.html]
[praytimes.org/code/git/index2cf7.html]
[praytimes.org/code/git/indexc8d0.html]
[praytimes.org/code/git/indexa81a.html]
[praytimes.org/code/git/index53ae.html]
[praytimes.org/code/git/index8b1c.html]
[praytimes.org/code/git/indexd081.html]
[praytimes.org/code/git/index7647.html]
[praytimes.org/code/git/index5585.html]
[praytimes.org/code/git/indexc272.html]
[praytimes.org/code/git/index46b0.html]
[praytimes.org/code/git/index8230.html]
[praytimes.org/code/git/index6adc.html]
[praytimes.org/code/git/index2626.html]
[praytimes.org/code/git/index94c2.html]
[praytimes.org/code/git/index393f.html]
[praytimes.org/code/git/indexe934.html]
[praytimes.org/code/git/index048b.html]
[praytimes.org/code/git/index9a60.html]
[praytimes.org/code/git/indexa64f.html]
[praytimes.org/code/git/index8d7b.html]
[praytimes.org/code/git/indexa2f3.html]
[praytimes.org/code/git/index8d5e.html]
[praytimes.org/code/git/indexdab2.html]
[praytimes.org/code/git/index7b79.html]
[praytimes.org/code/git/index7ff7.html]
[praytimes.org/code/git/indexeac8.html]
[praytimes.org/code/git/index1ff4.html]
[praytimes.org/code/git/indexdb07.html]
[praytimes.org/code/git/indexfb42.html]
[praytimes.org/code/git/index49cd.html]
[praytimes.org/code/git/index238b.html]
[praytimes.org/code/git/index60c2.html]
[praytimes.org/code/git/index3512.html]
[praytimes.org/code/git/indexf091.html]
[praytimes.org/code/git/index09d6.html]
[praytimes.org/code/git/indexaba1.html]
[praytimes.org/code/git/index5a00.html]
[praytimes.org/code/git/index4226.html]
[praytimes.org/code/git/index1658.html]
[praytimes.org/code/git/indexc6e8.html]
[praytimes.org/code/git/index9667.html]
[praytimes.org/code/git/indexee88.html]
[praytimes.org/code/git/index307c.html]
[praytimes.org/code/git/index9650.html]
[praytimes.org/code/git/indexfc86.html]
[praytimes.org/code/git/index5c28.html]
[praytimes.org/code/git/index62b0.html]
[praytimes.org/code/git/index02ef.html]
[praytimes.org/code/git/index9f9a.html]
[praytimes.org/code/git/indexec19.html]
[praytimes.org/code/git/indexba5f.html]
[praytimes.org/code/git/index8553.html]
[praytimes.org/code/git/indexd8a8.html]
[praytimes.org/code/git/indexe30f.html]
[praytimes.org/code/git/indexf248.html]
[praytimes.org/code/git/index004e.html]
[praytimes.org/code/git/indexdfe0.html]
[praytimes.org/code/git/indexc577.html]
[praytimes.org/code/git/indexc721.html]
[praytimes.org/code/git/indexf0fd.html]
[praytimes.org/code/git/indexd151.html]
[praytimes.org/code/git/index9a24.html]
[praytimes.org/code/git/index99d9.html]
[praytimes.org/code/git/index466f.html]
[praytimes.org/code/git/index46ac.html]
[praytimes.org/code/git/indexf2b1.html]
[praytimes.org/code/git/index7234.html]
[praytimes.org/code/git/indexd404.html]
[praytimes.org/code/git/indexf981.html]
[praytimes.org/code/git/index4883.html]
[praytimes.org/code/git/indexec01.html]
[praytimes.org/code/git/indexe895.html]
[praytimes.org/code/git/indexad1e.html]
[praytimes.org/code/git/index3a31.html]
[praytimes.org/code/git/index0808.html]
[praytimes.org/code/git/index28f5.html]
[praytimes.org/code/git/indexdeb3.html]
[praytimes.org/code/git/index1ba3.html]
[praytimes.org/code/git/index37e6.html]
[praytimes.org/code/git/index8c1b.html]
[praytimes.org/code/git/index84b6.html]
[praytimes.org/code/git/index82a5.html]
[praytimes.org/code/git/indexd059.html]
[praytimes.org/code/git/index0cca.html]
[praytimes.org/code/git/indexf20a.html]
[praytimes.org/code/git/index6ce0.html]
[praytimes.org/code/git/indexd362.html]
[praytimes.org/code/git/index6ae6.html]
[praytimes.org/code/git/indexa72f.html]
[praytimes.org/code/git/index1dd2.html]
[praytimes.org/code/git/indexf2c2.html]
[praytimes.org/code/git/index6411.html]
[praytimes.org/code/git/index03d5.html]
[praytimes.org/code/git/index42ce.html]
[praytimes.org/code/git/index78ef.html]
[praytimes.org/code/git/index6c95.html]
[praytimes.org/code/git/index423e.html]
[praytimes.org/code/git/indexd5c7.html]
[praytimes.org/code/git/index1f40.html]
[praytimes.org/code/git/index0db4.html]
[praytimes.org/code/git/indexaefc.html]
[praytimes.org/code/git/index850d.html]
[praytimes.org/code/git/indexfc08.html]
[praytimes.org/code/git/index6bfb.html]
[praytimes.org/code/git/indexa7d5.html]
[praytimes.org/code/git/index1481.html]
[praytimes.org/code/git/index0c22.html]
[praytimes.org/code/git/index3d7b.html]
[praytimes.org/code/git/index97cf.html]
[praytimes.org/code/git/index06eb.html]
[praytimes.org/code/git/index993e.html]
[praytimes.org/code/git/indexa3a0.html]
[praytimes.org/code/git/indexd139.html]
[praytimes.org/code/git/indexfd85.html]
[praytimes.org/code/git/index68e9.html]
[praytimes.org/code/git/indexc0aa.html]
[praytimes.org/code/git/index0a6d.html]
[praytimes.org/code/git/index9dc4.html]
[praytimes.org/code/git/index3c73.html]
[praytimes.org/code/git/indexafd2.html]
[praytimes.org/code/git/index024b.html]
[praytimes.org/code/git/index4514.html]
[praytimes.org/code/git/indexe2fa.html]
[praytimes.org/code/git/index1c13.html]
[praytimes.org/code/git/indexced7.html]
[praytimes.org/code/git/index0eb8.html]
[praytimes.org/code/git/indexe73a.html]
[praytimes.org/code/git/indexb415.html]
[praytimes.org/code/git/indexcc24.html]
[praytimes.org/code/git/index181a.html]
[praytimes.org/code/git/indexdce7.html]
[praytimes.org/code/git/indexd010.html]
[praytimes.org/code/git/index200b.html]
[praytimes.org/code/git/index4188.html]
[praytimes.org/code/git/index545d.html]
[praytimes.org/code/git/index4afb.html]
[praytimes.org/code/git/index4b92.html]
[praytimes.org/code/git/index8a4e.html]
[praytimes.org/code/git/indexa579.html]
[praytimes.org/code/git/index4e16.html]
[praytimes.org/code/git/indexbc42.html]
[praytimes.org/code/git/index668c.html]
[praytimes.org/code/git/index506f.html]
[praytimes.org/code/git/indexbcb7.html]
[praytimes.org/code/git/indexca34.html]
[praytimes.org/code/git/index7dd3.html]
[praytimes.org/code/git/index1405.html]
[praytimes.org/code/git/indexf5e8.html]
[praytimes.org/code/git/index075e.html]
[praytimes.org/code/git/indexb08d.html]
[praytimes.org/code/git/indexc30f.html]
[praytimes.org/code/git/index079e.html]
[praytimes.org/code/git/index16d0.html]
[praytimes.org/code/git/index761a.html]
[praytimes.org/code/git/index0d66.html]
[praytimes.org/code/git/indexce9d.html]
[praytimes.org/code/git/indexbccb.html]
[praytimes.org/code/git/indexeca9.html]
[praytimes.org/code/git/index315a.html]
[praytimes.org/code/git/index3965.html]
[praytimes.org/code/git/indexb937.html]
[praytimes.org/code/git/index0066.html]
[praytimes.org/code/git/indexbcc7.html]
[praytimes.org/code/git/indexd958.html]
[praytimes.org/code/git/index5eeb.html]
[praytimes.org/code/git/index609c.html]
[praytimes.org/code/git/indexe4d2.html]
[praytimes.org/code/git/index5148.html]
[praytimes.org/code/git/indexf1c0.html]
[praytimes.org/code/git/index2999.html]
[praytimes.org/code/git/index5dea.html]
[praytimes.org/code/git/index66c2.html]
[praytimes.org/code/git/indexffd2.html]
[praytimes.org/code/git/index0176.html]
[praytimes.org/code/git/index75d4.html]
[praytimes.org/code/git/indexa1a7.html]
[praytimes.org/code/git/index9a9c.html]
[praytimes.org/code/git/index3157.html]
[praytimes.org/code/git/indexb024.html]
[praytimes.org/code/git/index9fe4.html]
[praytimes.org/code/git/indexe32d.html]
[praytimes.org/code/git/index641b.html]
[praytimes.org/code/git/index62b7.html]
[praytimes.org/code/git/index81c0.html]
[praytimes.org/code/git/indexdbd9.html]
[praytimes.org/code/git/index9543.html]
[praytimes.org/code/git/indexa139.html]
[praytimes.org/code/git/index4bbe.html]
[praytimes.org/code/git/index4020.html]
[praytimes.org/code/git/index185a.html]
[praytimes.org/code/git/index77a0.html]
[praytimes.org/code/git/index20a0.html]
[praytimes.org/code/git/index88fc.html]
[praytimes.org/code/git/indexb365.html]
[praytimes.org/code/git/index8d32.html]
[praytimes.org/code/git/index40be.html]
[praytimes.org/code/git/index5d71.html]
[praytimes.org/code/git/index878f.html]
[praytimes.org/code/git/index44e1.html]
[praytimes.org/code/git/index1c15.html]
[praytimes.org/code/git/index1b4b.html]
[praytimes.org/code/git/index4c85.html]
[praytimes.org/code/git/index93f6.html]
[praytimes.org/code/git/indexc30a.html]
[praytimes.org/code/git/index9734.html]
[praytimes.org/code/git/index5f3d.html]
[praytimes.org/code/git/index8ffe.html]
[praytimes.org/code/git/index9207.html]
[praytimes.org/code/git/indexe3e0.html]
[praytimes.org/code/git/index24e0.html]
[praytimes.org/code/git/index8ee6.html]
[praytimes.org/code/git/indexc6e5.html]
[praytimes.org/code/git/index5e66.html]
[praytimes.org/code/git/indexa2f8.html]
[praytimes.org/code/git/index3760.html]
[praytimes.org/code/git/index44b9.html]
[praytimes.org/code/git/index0e73.html]
[praytimes.org/code/git/index52da.html]
[praytimes.org/code/git/index4235.html]
[praytimes.org/code/git/index9f53.html]
[praytimes.org/code/git/indexe536.html]
[praytimes.org/code/git/index6dfa.html]
[praytimes.org/code/git/index732e.html]
[praytimes.org/code/git/index5082-2.html]
[praytimes.org/code/git/indexf05a.html]
[praytimes.org/code/git/index8e17.html]
[praytimes.org/code/git/indexa7dc.html]
[praytimes.org/code/git/indexb3c5.html]
[praytimes.org/code/git/index6830.html]
[praytimes.org/code/git/indexda87.html]
[praytimes.org/code/git/indexb857.html]
[praytimes.org/code/git/indexe6ad.html]
[praytimes.org/code/git/index7674.html]
[praytimes.org/code/git/index789b.html]
[praytimes.org/code/git/index6325.html]
[praytimes.org/code/git/index0b91.html]
[praytimes.org/code/git/indexcf81.html]
[praytimes.org/code/git/indexa5d5.html]
[praytimes.org/code/git/index750f.html]
[praytimes.org/code/git/indexd1ba.html]
[praytimes.org/code/git/index9f02.html]
[praytimes.org/code/git/index4241.html]
[praytimes.org/code/git/indexd8a7.html]
[praytimes.org/code/git/index074f.html]
[praytimes.org/code/git/indexaa2c.html]
[praytimes.org/code/git/indexf9c4.html]
[praytimes.org/code/git/indexb15c.html]
[praytimes.org/code/git/indexbe0c.html]
[praytimes.org/code/git/index4b73.html]
[praytimes.org/code/git/indexbd28.html]
[praytimes.org/code/git/indexf566.html]
[praytimes.org/code/git/index5583.html]
[praytimes.org/code/git/index2c5c.html]
[praytimes.org/code/git/index666b.html]
[praytimes.org/code/git/index212c.html]
[praytimes.org/code/git/index4d0d.html]
[praytimes.org/code/git/index6a71.html]
[praytimes.org/code/git/indexd755.html]
[praytimes.org/code/git/index2b78.html]
[praytimes.org/code/git/index7474.html]
[praytimes.org/code/git/indexd4e8.html]
[praytimes.org/code/git/indexc447.html]
[praytimes.org/code/git/index2ea7.html]
[praytimes.org/code/git/indexe1a4.html]
[praytimes.org/code/git/index381d.html]
[praytimes.org/code/git/index304a.html]
[praytimes.org/code/git/index5a55.html]
[praytimes.org/code/git/indexbf5a.html]
[praytimes.org/code/git/index8bdf.html]
[praytimes.org/code/git/index0416.html]
[praytimes.org/code/git/index4ad3.html]
[praytimes.org/code/git/index414b.html]
[praytimes.org/code/git/indexcbaa.html]
[praytimes.org/code/git/index0cb7.html]
[praytimes.org/code/git/index16f7.html]
[praytimes.org/code/git/index1b10.html]
[praytimes.org/code/git/index7383.html]
[praytimes.org/code/git/indexab21.html]
[praytimes.org/code/git/index1ed2.html]
[praytimes.org/code/git/index23ca.html]
[praytimes.org/code/git/index35fb.html]
[praytimes.org/code/git/indexf150.html]
[praytimes.org/code/git/index3ff5.html]
[praytimes.org/code/git/indexbd41.html]
[praytimes.org/code/git/index6cd0.html]
[praytimes.org/code/git/index363f.html]
[praytimes.org/code/git/indexe9c5.html]
[praytimes.org/code/git/index5fe0.html]
[praytimes.org/code/git/index546c.html]
[praytimes.org/code/git/indexbbe4.html]
[praytimes.org/code/git/index5bce.html]
[praytimes.org/code/git/indexf2e3.html]
[praytimes.org/code/git/index7904.html]
[praytimes.org/code/git/indexf51e.html]
[praytimes.org/code/git/indexc0cc.html]
[praytimes.org/code/git/index7eaa.html]
[praytimes.org/code/git/indexdcdd.html]
[praytimes.org/code/git/index117a.html]
[praytimes.org/code/git/index7f1d.html]
[praytimes.org/code/git/indexadfd.html]
[praytimes.org/code/git/index1102.html]
[praytimes.org/code/git/index7ed3.html]
[praytimes.org/code/git/index02a3.html]
[praytimes.org/code/git/index5693.html]
[praytimes.org/code/git/index6783.html]
[praytimes.org/code/git/indexefda.html]
[praytimes.org/code/git/index5520.html]
[praytimes.org/code/git/indexa8e3.html]
[praytimes.org/code/git/indexa9f6.html]
[praytimes.org/code/git/index82f2.html]
[praytimes.org/code/git/indexfce8.html]
[praytimes.org/code/git/indexe136.html]
[praytimes.org/code/git/indexd977.html]
[praytimes.org/code/git/index1c6a.html]
[praytimes.org/code/git/index3391.html]
[praytimes.org/code/git/index41a2.html]
[praytimes.org/code/git/index7760.html]
[praytimes.org/code/git/index1b4a.html]
[praytimes.org/code/git/indexcc92.html]
[praytimes.org/code/git/indexaec9.html]
[praytimes.org/code/git/indexacff.html]
[praytimes.org/code/git/indexed35.html]
[praytimes.org/code/git/index2437.html]
[praytimes.org/code/git/index26c1.html]
[praytimes.org/code/git/indexf28c.html]
[praytimes.org/code/git/index836c.html]
[praytimes.org/code/git/index89e1.html]
[praytimes.org/code/git/indexda9f.html]
[praytimes.org/code/git/index42f1.html]
[praytimes.org/code/git/index41f0.html]
[praytimes.org/code/git/index9312.html]
[praytimes.org/code/git/indexbac0.html]
[praytimes.org/code/git/indexac44.html]
[praytimes.org/code/git/index6702.html]
[praytimes.org/code/git/index1546.html]
[praytimes.org/code/git/index70be.html]
[praytimes.org/code/git/index979b.html]
[praytimes.org/code/git/index568f.html]
[praytimes.org/code/git/index2269.html]
[praytimes.org/code/git/index0374.html]
[praytimes.org/code/git/indexb2d5.html]
[praytimes.org/code/git/index7c4d.html]
[praytimes.org/code/git/index488d.html]
[praytimes.org/code/git/indexad57.html]
[praytimes.org/code/git/indexfb1d.html]
[praytimes.org/code/git/index960f.html]
[praytimes.org/code/git/index6b9e.html]
[praytimes.org/code/git/indexf3b4.html]
[praytimes.org/code/git/indexd52a.html]
[praytimes.org/code/git/index6098.html]
[praytimes.org/code/git/index42ae.html]
[praytimes.org/code/git/index52c6.html]
[praytimes.org/code/git/index9460.html]
[praytimes.org/code/git/indexf20d.html]
[praytimes.org/code/git/indexa120.html]
[praytimes.org/code/git/indexbe09.html]
[praytimes.org/code/git/indexbd9c.html]
[praytimes.org/code/git/index6368.html]
[praytimes.org/code/git/indexe39d.html]
[praytimes.org/code/git/index06f6.html]
[praytimes.org/code/git/index2697.html]
[praytimes.org/code/git/index997f.html]
[praytimes.org/code/git/index0da6.html]
[praytimes.org/code/git/index7472.html]
[praytimes.org/code/git/4182.html]
[praytimes.org/code/git/8c18.html]
[praytimes.org/code/git/c580.html]
[praytimes.org/code/git/e9da.html]
[praytimes.org/code/git/0669.html]
[praytimes.org/code/git/d5d3.html]
[praytimes.org/code/git/index1026.html]
[praytimes.org/code/git/index19f3.html]
[praytimes.org/code/git/72da.html]
[praytimes.org/code/git/index99ad.html]
[praytimes.org/code/git/7aad.html]
[praytimes.org/code/git/6234.html]
[praytimes.org/code/git/e1dd.html]
[praytimes.org/code/git/e9b7.html]
[praytimes.org/code/git/5ae3.html]
[praytimes.org/code/git/1c1a.html]
[praytimes.org/code/git/4a6b.html]
[praytimes.org/code/git/f591.html]
[praytimes.org/code/git/cd36.html]
[praytimes.org/code/git/bb45.html]
[praytimes.org/code/git/68b5.html]
[praytimes.org/code/git/55cb.html]
[praytimes.org/code/git/7068.html]
[praytimes.org/code/git/1b07.html]
[praytimes.org/code/git/c8d0.html]
[praytimes.org/code/git/2cf7.html]
[praytimes.org/code/git/85e8.html]
[praytimes.org/code/git/6990.html]
[praytimes.org/code/git/53ae.html]
[praytimes.org/code/git/8b1c.html]
[praytimes.org/code/git/7647.html]
[praytimes.org/code/git/5585.html]
[praytimes.org/code/git/ead5.html]
[praytimes.org/code/git/6adc.html]
[praytimes.org/code/git/8230.html]
[praytimes.org/code/git/a81a.html]
[praytimes.org/code/git/d081.html]
[praytimes.org/code/git/c272.html]
[praytimes.org/code/git/9a60.html]
[praytimes.org/code/git/a64f.html]
[praytimes.org/code/git/46b0.html]
[praytimes.org/code/git/2626.html]
[praytimes.org/code/git/94c2.html]
[praytimes.org/code/git/393f.html]
[praytimes.org/code/git/e934.html]
[praytimes.org/code/git/dab2.html]
[praytimes.org/code/git/8d5e.html]
[praytimes.org/code/git/048b.html]
[praytimes.org/code/git/8d7b.html]
[praytimes.org/code/git/7ff7.html]
[praytimes.org/code/git/1ff4.html]
[praytimes.org/code/git/db07.html]
[praytimes.org/code/git/fb42.html]
[praytimes.org/code/git/a2f3.html]
[praytimes.org/code/git/5a00.html]
[praytimes.org/code/git/7b79.html]
[praytimes.org/code/git/eac8.html]
[praytimes.org/code/git/bd9c.html]
[praytimes.org/code/git/06f6.html]
[praytimes.org/code/git/2697.html]
[praytimes.org/code/git/9f09.html]
[praytimes.org/code/git/monthlya01c.htm]
[praytimes.org/code/git/simple322f.htm]
[praytimes.org/code/git/yearlyfff4.htm]
[praytimes.org/code/git/0c6c.html]
[praytimes.org/code/git/f33e.html]
[praytimes.org/code/git/7dff.html]
[praytimes.org/code/git/f3a7.html]
[praytimes.org/code/git/49cd.html]
[praytimes.org/code/git/238b.html]
[praytimes.org/code/git/60c2.html]
[praytimes.org/code/git/3512.html]
[praytimes.org/code/git/f091.html]
[praytimes.org/code/git/09d6.html]
[praytimes.org/code/git/abe6.html]
[praytimes.org/code/git/307c.html]
[praytimes.org/code/git/ee88.html]
[praytimes.org/code/git/9650.html]
[praytimes.org/code/git/aba1.html]
[praytimes.org/code/git/4226.html]
[praytimes.org/code/git/1658.html]
[praytimes.org/code/git/c6e8.html]
[praytimes.org/code/git/ec19.html]
[praytimes.org/code/git/e30f.html]
[praytimes.org/code/git/9667.html]
[praytimes.org/code/git/fc86.html]
[praytimes.org/code/git/5c28.html]
[praytimes.org/code/git/8553.html]
[praytimes.org/code/git/62b0.html]
[praytimes.org/code/git/02ef.html]
[praytimes.org/code/git/d8a8.html]
[praytimes.org/code/git/004e.html]
[praytimes.org/code/git/9f9a.html]
[praytimes.org/code/git/ba5f.html]
[praytimes.org/code/git/c577.html]
[praytimes.org/code/git/c721.html]
[praytimes.org/code/git/f0fd.html]
[praytimes.org/code/git/f248.html]
[praytimes.org/code/git/466f.html]
[praytimes.org/code/git/d404.html]
[praytimes.org/code/git/f2b1.html]
[praytimes.org/code/git/dfe0.html]
[praytimes.org/code/git/d151.html]
[praytimes.org/code/git/9a24.html]
[praytimes.org/code/git/7234.html]
[praytimes.org/code/git/28f5.html]
[praytimes.org/code/git/99d9.html]
[praytimes.org/code/git/46ac.html]
[praytimes.org/code/git/f981.html]
[praytimes.org/code/git/4883.html]
[praytimes.org/code/git/ec01.html]
[praytimes.org/code/git/8c1b.html]
[praytimes.org/code/git/37e6.html]
[praytimes.org/code/git/e895.html]
[praytimes.org/code/git/ad1e.html]
[praytimes.org/code/git/PrayTimes3a31.js]
[praytimes.org/code/git/1ba3.html]
[praytimes.org/code/git/82a5.html]
[praytimes.org/code/git/f2c2.html]
[praytimes.org/code/git/0808.html]
[praytimes.org/code/git/6411.html]
[praytimes.org/code/git/1dd2.html]
[praytimes.org/code/git/deb3.html]
[praytimes.org/code/git/84b6.html]
[praytimes.org/code/git/d059.html]
[praytimes.org/code/git/0cca.html]
[praytimes.org/code/git/f20a.html]
[praytimes.org/code/git/6ce0.html]
[praytimes.org/code/git/d362.html]
[praytimes.org/code/git/6ae6.html]
[praytimes.org/code/git/423e.html]
[praytimes.org/code/git/aefc.html]
[praytimes.org/code/git/1f40.html]
[praytimes.org/code/git/a72f.html]
[praytimes.org/code/git/03d5.html]
[praytimes.org/code/git/42ce.html]
[praytimes.org/code/git/78ef.html]
[praytimes.org/code/git/0db4.html]
[praytimes.org/code/git/1481.html]
[praytimes.org/code/git/6c95.html]
[praytimes.org/code/git/d5c7.html]
[praytimes.org/code/git/850d.html]
[praytimes.org/code/git/06eb.html]
[praytimes.org/code/git/fc08.html]
[praytimes.org/code/git/6bfb.html]
[praytimes.org/code/git/993e.html]
[praytimes.org/code/git/97cf.html]
[praytimes.org/code/git/a7d5.html]
[praytimes.org/code/git/0c22.html]
[praytimes.org/code/git/d139.html]
[praytimes.org/code/git/c0aa.html]
[praytimes.org/code/git/0a6d.html]
[praytimes.org/code/git/3d7b.html]
[praytimes.org/code/git/68e9.html]
[praytimes.org/code/git/afd2.html]
[praytimes.org/code/git/0eb8.html]
[praytimes.org/code/git/a3a0.html]
[praytimes.org/code/git/fd85.html]
[praytimes.org/code/git/9dc4.html]
[praytimes.org/code/git/e73a.html]
[praytimes.org/code/git/b415.html]
[praytimes.org/code/git/3c73.html]
[praytimes.org/code/git/024b.html]
[praytimes.org/code/git/4514.html]
[praytimes.org/code/git/e2fa.html]
[praytimes.org/code/git/1c13.html]
[praytimes.org/code/git/d010.html]
[praytimes.org/code/git/4188.html]
[praytimes.org/code/git/ced7.html]
[praytimes.org/code/git/cc24.html]
[praytimes.org/code/git/PrayTimes181a.js]
[praytimes.org/code/git/545d.html]
[praytimes.org/code/git/4afb.html]
[praytimes.org/code/git/a579.html]
[praytimes.org/code/git/4e16.html]
[praytimes.org/code/git/PrayTimes-tree-2881784.tar506f.gz_;]
[praytimes.org/code/git/PrayTimes-tree-2881784668c.zip_;]
[praytimes.org/code/git/dce7.html]
[praytimes.org/code/git/f5e8.html]
[praytimes.org/code/git/200b.html]
[praytimes.org/code/git/4b92.html]
[praytimes.org/code/git/8a4e.html]
[praytimes.org/code/git/bc42.html]
[praytimes.org/code/git/bcb7.html]
[praytimes.org/code/git/ca34.html]
[praytimes.org/code/git/7dd3.html]
[praytimes.org/code/git/761a.html]
[praytimes.org/code/git/eca9.html]
[praytimes.org/code/git/1405.html]
[praytimes.org/code/git/075e.html]
[praytimes.org/code/git/b08d.html]
[praytimes.org/code/git/ce9d.html]
[praytimes.org/code/git/c30f.html]
[praytimes.org/code/git/079e.html]
[praytimes.org/code/git/bccb.html]
[praytimes.org/code/git/3965.html]
[praytimes.org/code/git/16d0.html]
[praytimes.org/code/git/0d66.html]
[praytimes.org/code/git/bcc7.html]
[praytimes.org/code/git/0066.html]
[praytimes.org/code/git/d958.html]
[praytimes.org/code/git/315a.html]
[praytimes.org/code/git/5148.html]
[praytimes.org/code/git/66c2.html]
[praytimes.org/code/git/2999.html]
[praytimes.org/code/git/b937.html]
[praytimes.org/code/git/5eeb.html]
[praytimes.org/code/git/609c.html]
[praytimes.org/code/git/5dea.html]
[praytimes.org/code/git/b024.html]
[praytimes.org/code/git/e4d2.html]
[praytimes.org/code/git/f1c0.html]
[praytimes.org/code/git/ffd2.html]
[praytimes.org/code/git/0176.html]
[praytimes.org/code/git/75d4.html]
[praytimes.org/code/git/62b7.html]
[praytimes.org/code/git/e32d.html]
[praytimes.org/code/git/a1a7.html]
[praytimes.org/code/git/9a9c.html]
[praytimes.org/code/git/641b.html]
[praytimes.org/code/git/dbd9.html]
[praytimes.org/code/git/b365.html]
[praytimes.org/code/git/88fc.html]
[praytimes.org/code/git/3157.html]
[praytimes.org/code/git/20a0.html]
[praytimes.org/code/git/9fe4.html]
[praytimes.org/code/git/81c0.html]
[praytimes.org/code/git/9543.html]
[praytimes.org/code/git/a139.html]
[praytimes.org/code/git/4bbe.html]
[praytimes.org/code/git/4020.html]
[praytimes.org/code/git/185a.html]
[praytimes.org/code/git/1c15.html]
[praytimes.org/code/git/4c85.html]
[praytimes.org/code/git/77a0.html]
[praytimes.org/code/git/8d32.html]
[praytimes.org/code/git/40be.html]
[praytimes.org/code/git/5d71.html]
[praytimes.org/code/git/878f.html]
[praytimes.org/code/git/93f6.html]
[praytimes.org/code/git/c30a.html]
[praytimes.org/code/git/5f3d.html]
[praytimes.org/code/git/44e1.html]
[praytimes.org/code/git/1b4b.html]
[praytimes.org/code/git/9207.html]
[praytimes.org/code/git/24e0.html]
[praytimes.org/code/git/e3e0.html]
[praytimes.org/code/git/a2f8.html]
[praytimes.org/code/git/9734.html]
[praytimes.org/code/git/44b9.html]
[praytimes.org/code/git/52da.html]
[praytimes.org/code/git/8ffe.html]
[praytimes.org/code/git/8ee6.html]
[praytimes.org/code/git/c6e5.html]
[praytimes.org/code/git/0e73.html]
[praytimes.org/code/git/f05a.html]
[praytimes.org/code/git/5e66.html]
[praytimes.org/code/git/3760.html]
[praytimes.org/code/git/4235.html]
[praytimes.org/code/git/9f53.html]
[praytimes.org/code/git/6830.html]
[praytimes.org/code/git/a7dc.html]
[praytimes.org/code/git/e536.html]
[praytimes.org/code/git/6dfa.html]
[praytimes.org/code/git/PrayTimes732e.js]
[praytimes.org/code/git/b3c5.html]
[praytimes.org/code/git/6325.html]
[praytimes.org/code/git/750f.html]
[praytimes.org/code/git/5082.html]
[praytimes.org/code/git/8e17.html]
[praytimes.org/code/git/da87.html]
[praytimes.org/code/git/b857.html]
[praytimes.org/code/git/e6ad.html]
[praytimes.org/code/git/7674.html]
[praytimes.org/code/git/a5d5.html]
[praytimes.org/code/git/cf81.html]
[praytimes.org/code/git/074f.html]
[praytimes.org/code/git/789b.html]
[praytimes.org/code/git/0b91.html]
[praytimes.org/code/git/d1ba.html]
[praytimes.org/code/git/4b73.html]
[praytimes.org/code/git/9f02.html]
[praytimes.org/code/git/4241.html]
[praytimes.org/code/git/be0c.html]
[praytimes.org/code/git/b15c.html]
[praytimes.org/code/git/d8a7.html]
[praytimes.org/code/git/aa2c.html]
[praytimes.org/code/git/f566.html]
[praytimes.org/code/git/666b.html]
[praytimes.org/code/git/2c5c.html]
[praytimes.org/code/git/f9c4.html]
[praytimes.org/code/git/6a71.html]
[praytimes.org/code/git/d755.html]
[praytimes.org/code/git/e1a4.html]
[praytimes.org/code/git/bd28.html]
[praytimes.org/code/git/5583.html]
[praytimes.org/code/git/212c.html]
[praytimes.org/code/git/2ea7.html]
[praytimes.org/code/git/5a55.html]
[praytimes.org/code/git/4d0d.html]
[praytimes.org/code/git/2b78.html]
[praytimes.org/code/git/7474.html]
[praytimes.org/code/git/d4e8.html]
[praytimes.org/code/git/bf5a.html]
[praytimes.org/code/git/0416.html]
[praytimes.org/code/git/c447.html]
[praytimes.org/code/git/381d.html]
[praytimes.org/code/git/4ad3.html]
[praytimes.org/code/git/ab21.html]
[praytimes.org/code/git/7383.html]
[praytimes.org/code/git/304a.html]
[praytimes.org/code/git/3ff5.html]
[praytimes.org/code/git/997f.html]
[praytimes.org/code/git/0da6.html]
[praytimes.org/code/git/7472.html]
[praytimes.org/code/git/8a0b.html]
[praytimes.org/code/git/monthlyf122.htm]
[praytimes.org/code/git/simpledd2d.htm]
[praytimes.org/code/git/yearlyb6d3.htm]
[praytimes.org/code/git/84b5.html]
[praytimes.org/code/git/3443.html]
[praytimes.org/code/git/8dc7.html]
[praytimes.org/code/git/1bff.html]
[praytimes.org/code/git/8bdf.html]
[praytimes.org/code/git/414b.html]
[praytimes.org/code/git/cbaa.html]
[praytimes.org/code/git/0cb7.html]
[praytimes.org/code/git/16f7.html]
[praytimes.org/code/git/24d7.html]
[praytimes.org/code/git/f150.html]
[praytimes.org/code/git/e9c5.html]
[praytimes.org/code/git/1b10.html]
[praytimes.org/code/git/1ed2.html]
[praytimes.org/code/git/23ca.html]
[praytimes.org/code/git/363f.html]
[praytimes.org/code/git/35fb.html]
[praytimes.org/code/git/bd41.html]
[praytimes.org/code/git/5bce.html]
[praytimes.org/code/git/bbe4.html]
[praytimes.org/code/git/6cd0.html]
[praytimes.org/code/git/5fe0.html]
[praytimes.org/code/git/7904.html]
[praytimes.org/code/git/f51e.html]
[praytimes.org/code/git/dcdd.html]
[praytimes.org/code/git/546c.html]
[praytimes.org/code/git/7eaa.html]
[praytimes.org/code/git/1102.html]
[praytimes.org/code/git/adfd.html]
[praytimes.org/code/git/f2e3.html]
[praytimes.org/code/git/c0cc.html]
[praytimes.org/code/git/117a.html]
[praytimes.org/code/git/efda.html]
[praytimes.org/code/git/5520.html]
[praytimes.org/code/git/7f1d.html]
[praytimes.org/code/git/7ed3.html]
[praytimes.org/code/git/02a3.html]
[praytimes.org/code/git/5693.html]
[praytimes.org/code/git/e136.html]
[praytimes.org/code/git/fce8.html]
[praytimes.org/code/git/6783.html]
[praytimes.org/code/git/a8e3.html]
[praytimes.org/code/git/PrayTimesa9f6.js]
[praytimes.org/code/git/1c6a.html]
[praytimes.org/code/git/3391.html]
[praytimes.org/code/git/acff.html]
[praytimes.org/code/git/82f2.html]
[praytimes.org/code/git/d977.html]
[praytimes.org/code/git/41a2.html]
[praytimes.org/code/git/7760.html]
[praytimes.org/code/git/1b4a.html]
[praytimes.org/code/git/cc92.html]
[praytimes.org/code/git/ed35.html]
[praytimes.org/code/git/da9f.html]
[praytimes.org/code/git/42f1.html]
[praytimes.org/code/git/aec9.html]
[praytimes.org/code/git/2437.html]
[praytimes.org/code/git/26c1.html]
[praytimes.org/code/git/bac0.html]
[praytimes.org/code/git/f28c.html]
[praytimes.org/code/git/836c.html]
[praytimes.org/code/git/ac44.html]
[praytimes.org/code/git/979b.html]
[praytimes.org/code/git/89e1.html]
[praytimes.org/code/git/41f0.html]
[praytimes.org/code/git/1546.html]
[praytimes.org/code/git/568f.html]
[praytimes.org/code/git/0374.html]
[praytimes.org/code/git/ad57.html]
[praytimes.org/code/git/PrayTimes-tree-c8bf967.tar7c4d.gz_;]
[praytimes.org/code/git/PrayTimes-tree-c8bf967960f.zip_;]
[praytimes.org/code/git/9312.html]
[praytimes.org/code/git/6b9e.html]
[praytimes.org/code/git/6098.html]
[praytimes.org/code/git/6702.html]
[praytimes.org/code/git/70be.html]
[praytimes.org/code/git/2269.html]
[praytimes.org/code/git/42ae.html]
[praytimes.org/code/git/a120.html]
[praytimes.org/code/git/b2d5.html]
[praytimes.org/code/git/488d.html]
[praytimes.org/code/git/fb1d.html]
[praytimes.org/code/git/f3b4.html]
[praytimes.org/code/git/be09.html]
[praytimes.org/code/git/e39d.html]
[praytimes.org/code/git/d52a.html]
[praytimes.org/code/git/52c6.html]
[praytimes.org/code/git/PrayTimes9460.js]
[praytimes.org/code/git/6368.html]
[praytimes.org/code/git/1026.html]
[praytimes.org/code/git/19f3.html]
[praytimes.org/code/git/f20d.html]
[praytimes.org/code/git/9dd8.html]
[praytimes.org/code/git/0375.html]
[praytimes.org/code/git/a877.html]
[praytimes.org/code/git/99ad.html]
[praytimes.org/code/git/b6ba.html]
[praytimes.org/code/git/6e81.html]
[praytimes.org/code/git/a93e.html]
[praytimes.org/code/git/5eb0.html]
[praytimes.org/code/git/9dec.html]
[praytimes.org/code/git/d328.html]
[praytimes.org/code/git/e2d2.html]
[praytimes.org/code/git/b0fc.html]
[praytimes.org/code/git/915d.html]
[praytimes.org/code/git/7c3e.html]
[praytimes.org/code/git/9fc3.html]
[praytimes.org/code/git/80df.html]
[praytimes.org/code/git/723b.html]
[praytimes.org/code/git/e1ba.html]
[praytimes.org/code/git/c02a.html]
[praytimes.org/code/git/9d4a.html]
[praytimes.org/code/git/ddc3.html]
[praytimes.org/code/git/b5dd.html]
[praytimes.org/code/git/7c85.html]
[praytimes.org/code/git/ca16.html]
[praytimes.org/code/git/15aa.html]
[praytimes.org/code/git/80bd.html]
[praytimes.org/code/git/6d51.html]
[praytimes.org/code/git/26ab.html]
[praytimes.org/code/git/ab3f.html]
[praytimes.org/code/git/1d81.html]
[praytimes.org/code/git/e2be.html]
[praytimes.org/code/git/8a75.html]
[praytimes.org/code/git/ae69.html]
[praytimes.org/code/git/1946.html]
[praytimes.org/code/git/d07b.html]
[praytimes.org/code/git/d986.html]
[praytimes.org/code/git/3692.html]
[praytimes.org/code/git/bfc3.html]
[praytimes.org/code/git/3267.html]
[praytimes.org/code/git/8c35.html]
[praytimes.org/code/git/d735.html]
[praytimes.org/code/git/4835.html]
[praytimes.org/code/git/0b9c.html]
[praytimes.org/code/git/2c8d.html]
[praytimes.org/code/git/e1c0.html]
[praytimes.org/code/git/877d.html]
[praytimes.org/code/git/2df5.html]
[praytimes.org/code/git/c3f2.html]
[praytimes.org/code/git/3c1d.html]
[praytimes.org/code/git/6876.html]
[praytimes.org/code/git/02a4.html]
[praytimes.org/code/git/06e6.html]
[praytimes.org/code/git/4516.html]
[praytimes.org/code/git/0abc.html]
[praytimes.org/code/git/dbee.html]
[praytimes.org/code/git/34bc.html]
[praytimes.org/code/git/37fa.html]
[praytimes.org/code/git/7f81.html]
[praytimes.org/code/git/1ac1.html]
[praytimes.org/code/git/eff7.html]
[praytimes.org/code/git/c845.html]
[praytimes.org/code/git/9108.html]
[praytimes.org/code/git/index72da.html]
[praytimes.org/code/git/index7aad.html]
[praytimes.org/code/git/index6234.html]
[praytimes.org/code/git/index4a6b.html]
[praytimes.org/code/git/indexf591.html]
[praytimes.org/code/git/index55cb.html]
[praytimes.org/code/git/indexc8d0.html]
[praytimes.org/code/git/index2cf7.html]
[praytimes.org/code/git/index53ae.html]
[praytimes.org/code/git/index8b1c.html]
[praytimes.org/code/git/index7647.html]
[praytimes.org/code/git/index5585.html]
[praytimes.org/code/git/index6adc.html]
[praytimes.org/code/git/index8230.html]
[praytimes.org/code/git/index9a60.html]
[praytimes.org/code/git/indexa64f.html]
[praytimes.org/code/git/indexdab2.html]
[praytimes.org/code/git/index8d5e.html]
[praytimes.org/code/git/index7ff7.html]
[praytimes.org/code/git/indexc12f.html]
[praytimes.org/code/git/index1ff4.html]
[praytimes.org/code/git/index8a44.html]
[praytimes.org/code/git/indexb8c0.html]
[praytimes.org/code/git/indexf9fd.html]
[praytimes.org/code/git/indexdb07.html]
[praytimes.org/code/git/indexfb42.html]
[praytimes.org/code/git/index5a00.html]
[praytimes.org/code/git/index307c.html]
[praytimes.org/code/git/indexee88.html]
[praytimes.org/code/git/index9650.html]
[praytimes.org/code/git/indexec19.html]
[praytimes.org/code/git/indexe30f.html]
[praytimes.org/code/git/index8553.html]
[praytimes.org/code/git/indexd8a8.html]
[praytimes.org/code/git/index004e.html]
[praytimes.org/code/git/indexc577.html]
[praytimes.org/code/git/index346d.html]
[praytimes.org/code/git/indexc721.html]
[praytimes.org/code/git/indexc2d9.html]
[praytimes.org/code/git/index2002.html]
[praytimes.org/code/git/indexe4e1.html]
[praytimes.org/code/git/indexf0fd.html]
[praytimes.org/code/git/index466f.html]
[praytimes.org/code/git/indexd404.html]
[praytimes.org/code/git/indexf2b1.html]
[praytimes.org/code/git/index7234.html]
[praytimes.org/code/git/index28f5.html]
[praytimes.org/code/git/index8c1b.html]
[praytimes.org/code/git/index37e6.html]
[praytimes.org/code/git/index1ba3.html]
[praytimes.org/code/git/indexce0b.html]
[praytimes.org/code/git/index82a5.html]
[praytimes.org/code/git/indexf2c2.html]
[praytimes.org/code/git/index6411.html]
[praytimes.org/code/git/index1dd2.html]
[praytimes.org/code/git/index423e.html]
[praytimes.org/code/git/indexaefc.html]
[praytimes.org/code/git/index1f40.html]
[praytimes.org/code/git/index0db4.html]
[praytimes.org/code/git/index1481.html]
[praytimes.org/code/git/index06eb.html]
[praytimes.org/code/git/index993e.html]
[praytimes.org/code/git/index97cf.html]
[praytimes.org/code/git/indexd139.html]
[praytimes.org/code/git/index24e0-2.html]
[praytimes.org/code/git/index16f3.html]
[praytimes.org/code/git/index2db8.html]
[praytimes.org/code/git/indexc0aa.html]
[praytimes.org/code/git/index0a6d.html]
[praytimes.org/code/git/index68e9.html]
[praytimes.org/code/git/indexafd2.html]
[praytimes.org/code/git/index0eb8.html]
[praytimes.org/code/git/indexe73a.html]
[praytimes.org/code/git/indexb415.html]
[praytimes.org/code/git/indexd010.html]
[praytimes.org/code/git/index4188.html]
[praytimes.org/code/git/index545d.html]
[praytimes.org/code/git/indexb524.html]
[praytimes.org/code/git/index4afb.html]
[praytimes.org/code/git/index70e2.html]
[praytimes.org/code/git/index57f5.html]
[praytimes.org/code/git/indexa382.html]
[praytimes.org/code/git/index969a.html]
[praytimes.org/code/git/indexa579.html]
[praytimes.org/code/git/index0655.html]
[praytimes.org/code/git/index4e16.html]
[praytimes.org/code/git/index02ec.html]
[praytimes.org/code/git/indexf5e8.html]
[praytimes.org/code/git/index761a.html]
[praytimes.org/code/git/indexeca9.html]
[praytimes.org/code/git/indexce9d.html]
[praytimes.org/code/git/indexbccb.html]
[praytimes.org/code/git/index3965.html]
[praytimes.org/code/git/indexbcc7.html]
[praytimes.org/code/git/indexace8.html]
[praytimes.org/code/git/index0066.html]
[praytimes.org/code/git/index8c0d.html]
[praytimes.org/code/git/indexb517.html]
[praytimes.org/code/git/index4055.html]
[praytimes.org/code/git/indexd958.html]
[praytimes.org/code/git/index5148.html]
[praytimes.org/code/git/index66c2.html]
[praytimes.org/code/git/index2999.html]
[praytimes.org/code/git/index5dea.html]
[praytimes.org/code/git/indexb024.html]
[praytimes.org/code/git/index62b7.html]
[praytimes.org/code/git/indexe32d.html]
[praytimes.org/code/git/index641b.html]
[praytimes.org/code/git/index1d08.html]
[praytimes.org/code/git/indexdbd9.html]
[praytimes.org/code/git/indexb365.html]
[praytimes.org/code/git/index88fc.html]
[praytimes.org/code/git/index20a0.html]
[praytimes.org/code/git/index1c15.html]
[praytimes.org/code/git/index4c85.html]
[praytimes.org/code/git/index93f6.html]
[praytimes.org/code/git/indexc30a.html]
[praytimes.org/code/git/index5f3d.html]
[praytimes.org/code/git/index9207.html]
[praytimes.org/code/git/indexa2d5.html]
[praytimes.org/code/git/index9f55.html]
[praytimes.org/code/git/indexafeb.html]
[praytimes.org/code/git/index24e0.html]
[praytimes.org/code/git/indexe3e0.html]
[praytimes.org/code/git/indexa2f8.html]
[praytimes.org/code/git/index44b9.html]
[praytimes.org/code/git/index52da.html]
[praytimes.org/code/git/index0e73.html]
[praytimes.org/code/git/indexf05a.html]
[praytimes.org/code/git/index6830.html]
[praytimes.org/code/git/indexa7dc.html]
[praytimes.org/code/git/indexb3c5.html]
[praytimes.org/code/git/index6bbb.html]
[praytimes.org/code/git/index6325.html]
[praytimes.org/code/git/index83a7.html]
[praytimes.org/code/git/indexcbc8.html]
[praytimes.org/code/git/index0358.html]
[praytimes.org/code/git/index750f.html]
[praytimes.org/code/git/indexa5d5.html]
[praytimes.org/code/git/indexcf81.html]
[praytimes.org/code/git/index074f.html]
[praytimes.org/code/git/index4b73.html]
[praytimes.org/code/git/indexbe0c.html]
[praytimes.org/code/git/indexb15c.html]
[praytimes.org/code/git/indexf566.html]
[praytimes.org/code/git/indexf6d5.html]
[praytimes.org/code/git/index666b.html]
[praytimes.org/code/git/index697f.html]
[praytimes.org/code/git/indexf6df.html]
[praytimes.org/code/git/index370b.html]
[praytimes.org/code/git/index2c5c.html]
[praytimes.org/code/git/index6a71.html]
[praytimes.org/code/git/indexd755.html]
[praytimes.org/code/git/indexe1a4.html]
[praytimes.org/code/git/index2ea7.html]
[praytimes.org/code/git/index5a55.html]
[praytimes.org/code/git/indexbf5a.html]
[praytimes.org/code/git/index0416.html]
[praytimes.org/code/git/index4ad3.html]
[praytimes.org/code/git/indexa738.html]
[praytimes.org/code/git/indexab21.html]
[praytimes.org/code/git/index7383.html]
[praytimes.org/code/git/index3ff5.html]
[praytimes.org/code/git/indexf150.html]
[praytimes.org/code/git/indexe9c5.html]
[praytimes.org/code/git/index363f.html]
[praytimes.org/code/git/index5bce.html]
[praytimes.org/code/git/indexbbe4.html]
[praytimes.org/code/git/index7904.html]
[praytimes.org/code/git/indexf0d9.html]
[praytimes.org/code/git/index9f05.html]
[praytimes.org/code/git/indexa156.html]
[praytimes.org/code/git/indexf51e.html]
[praytimes.org/code/git/indexdcdd.html]
[praytimes.org/code/git/index7eaa.html]
[praytimes.org/code/git/index1102.html]
[praytimes.org/code/git/indexadfd.html]
[praytimes.org/code/git/indexefda.html]
[praytimes.org/code/git/index5520.html]
[praytimes.org/code/git/indexe136.html]
[praytimes.org/code/git/indexfce8.html]
[praytimes.org/code/git/index1c6a.html]
[praytimes.org/code/git/index545c.html]
[praytimes.org/code/git/index3391.html]
[praytimes.org/code/git/index2676.html]
[praytimes.org/code/git/index159f.html]
[praytimes.org/code/git/index8272.html]
[praytimes.org/code/git/indexacff.html]
[praytimes.org/code/git/indexed35.html]
[praytimes.org/code/git/indexda9f.html]
[praytimes.org/code/git/index42f1.html]
[praytimes.org/code/git/indexbac0.html]
[praytimes.org/code/git/indexac44.html]
[praytimes.org/code/git/index979b.html]
[praytimes.org/code/git/index1546.html]
[praytimes.org/code/git/index1f10.html]
[praytimes.org/code/git/index568f.html]
[praytimes.org/code/git/indexa7de.html]
[praytimes.org/code/git/index9ce0.html]
[praytimes.org/code/git/index6714.html]
[praytimes.org/code/git/index3ae5.html]
[praytimes.org/code/git/index0374.html]
[praytimes.org/code/git/index9597.html]
[praytimes.org/code/git/indexad57.html]
[praytimes.org/code/git/indexb0ed.html]
[praytimes.org/code/git/index6b9e.html]
[praytimes.org/code/git/index6098.html]
[praytimes.org/code/git/index42ae.html]
[praytimes.org/code/git/indexa120.html]
[praytimes.org/code/git/indexbe09.html]
[praytimes.org/code/git/indexe39d.html]
[praytimes.org/code/git/index6368.html]
[praytimes.org/code/git/indexf153.html]
[praytimes.org/code/git/index1026.html]
[praytimes.org/code/git/index19f3.html]
[praytimes.org/code/git/index99ad.html]
[praytimes.org/code/git/72da.html]
[praytimes.org/code/git/7aad.html]
[praytimes.org/code/git/6234.html]
[praytimes.org/code/git/4a6b.html]
[praytimes.org/code/git/f591.html]
[praytimes.org/code/git/55cb.html]
[praytimes.org/code/git/c8d0.html]
[praytimes.org/code/git/2cf7.html]
[praytimes.org/code/git/indexafff.html]
[praytimes.org/code/git/index6d17.html]
[praytimes.org/code/git/indexdc4c.html]
[praytimes.org/code/git/c12f.html]
[praytimes.org/code/git/8a44.html]
[praytimes.org/code/git/b8c0.html]
[praytimes.org/code/git/53ae.html]
[praytimes.org/code/git/8b1c.html]
[praytimes.org/code/git/7647.html]
[praytimes.org/code/git/5585.html]
[praytimes.org/code/git/6adc.html]
[praytimes.org/code/git/8230.html]
[praytimes.org/code/git/9a60.html]
[praytimes.org/code/git/a64f.html]
[praytimes.org/code/git/dab2.html]
[praytimes.org/code/git/8d5e.html]
[praytimes.org/code/git/f9fd.html]
[praytimes.org/code/git/346d.html]
[praytimes.org/code/git/c2d9.html]
[praytimes.org/code/git/7ff7.html]
[praytimes.org/code/git/1ff4.html]
[praytimes.org/code/git/db07.html]
[praytimes.org/code/git/fb42.html]
[praytimes.org/code/git/5a00.html]
[praytimes.org/code/git/bd9c.html]
[praytimes.org/code/git/06f6.html]
[praytimes.org/code/git/2697.html]
[praytimes.org/code/git/7750.html]
[praytimes.org/code/git/cd19.html]
[praytimes.org/code/git/9b9f.html]
[praytimes.org/code/git/0c6c.html]
[praytimes.org/code/git/f33e.html]
[praytimes.org/code/git/7dff.html]
[praytimes.org/code/git/abe6.html]
[praytimes.org/code/git/307c.html]
[praytimes.org/code/git/ee88.html]
[praytimes.org/code/git/9650.html]
[praytimes.org/code/git/ec19.html]
[praytimes.org/code/git/e30f.html]
[praytimes.org/code/git/8553.html]
[praytimes.org/code/git/d8a8.html]
[praytimes.org/code/git/004e.html]
[praytimes.org/code/git/2002.html]
[praytimes.org/code/git/e4e1.html]
[praytimes.org/code/git/ce0b.html]
[praytimes.org/code/git/c577.html]
[praytimes.org/code/git/c721.html]
[praytimes.org/code/git/f0fd.html]
[praytimes.org/code/git/466f.html]
[praytimes.org/code/git/d404.html]
[praytimes.org/code/git/f2b1.html]
[praytimes.org/code/git/7234.html]
[praytimes.org/code/git/28f5.html]
[praytimes.org/code/git/8c1b.html]
[praytimes.org/code/git/37e6.html]
[praytimes.org/code/git/16f3.html]
[praytimes.org/code/git/24e0-2.html]
[praytimes.org/code/git/2db8.html]
[praytimes.org/code/git/1ba3.html]
[praytimes.org/code/git/82a5.html]
[praytimes.org/code/git/f2c2.html]
[praytimes.org/code/git/6411.html]
[praytimes.org/code/git/1dd2.html]
[praytimes.org/code/git/423e.html]
[praytimes.org/code/git/aefc.html]
[praytimes.org/code/git/1f40.html]
[praytimes.org/code/git/0db4.html]
[praytimes.org/code/git/1481.html]
[praytimes.org/code/git/06eb.html]
[praytimes.org/code/git/993e.html]
[praytimes.org/code/git/97cf.html]
[praytimes.org/code/git/b524.html]
[praytimes.org/code/git/70e2.html]
[praytimes.org/code/git/57f5.html]
[praytimes.org/code/git/d139.html]
[praytimes.org/code/git/c0aa.html]
[praytimes.org/code/git/0a6d.html]
[praytimes.org/code/git/68e9.html]
[praytimes.org/code/git/afd2.html]
[praytimes.org/code/git/0eb8.html]
[praytimes.org/code/git/e73a.html]
[praytimes.org/code/git/b415.html]
[praytimes.org/code/git/d010.html]
[praytimes.org/code/git/4188.html]
[praytimes.org/code/git/a382.html]
[praytimes.org/code/git/ace8.html]
[praytimes.org/code/git/8c0d.html]
[praytimes.org/code/git/545d.html]
[praytimes.org/code/git/4afb.html]
[praytimes.org/code/git/monthly969a.htm]
[praytimes.org/code/git/a579.html]
[praytimes.org/code/git/simple0655.htm]
[praytimes.org/code/git/4e16.html]
[praytimes.org/code/git/yearly02ec.htm]
[praytimes.org/code/git/f5e8.html]
[praytimes.org/code/git/761a.html]
[praytimes.org/code/git/eca9.html]
[praytimes.org/code/git/ce9d.html]
[praytimes.org/code/git/bccb.html]
[praytimes.org/code/git/3965.html]
[praytimes.org/code/git/b517.html]
[praytimes.org/code/git/4055.html]
[praytimes.org/code/git/1d08.html]
[praytimes.org/code/git/bcc7.html]
[praytimes.org/code/git/0066.html]
[praytimes.org/code/git/d958.html]
[praytimes.org/code/git/5148.html]
[praytimes.org/code/git/66c2.html]
[praytimes.org/code/git/2999.html]
[praytimes.org/code/git/5dea.html]
[praytimes.org/code/git/b024.html]
[praytimes.org/code/git/62b7.html]
[praytimes.org/code/git/e32d.html]
[praytimes.org/code/git/a2d5.html]
[praytimes.org/code/git/9f55.html]
[praytimes.org/code/git/afeb.html]
[praytimes.org/code/git/641b.html]
[praytimes.org/code/git/dbd9.html]
[praytimes.org/code/git/b365.html]
[praytimes.org/code/git/88fc.html]
[praytimes.org/code/git/20a0.html]
[praytimes.org/code/git/1c15.html]
[praytimes.org/code/git/4c85.html]
[praytimes.org/code/git/93f6.html]
[praytimes.org/code/git/c30a.html]
[praytimes.org/code/git/5f3d.html]
[praytimes.org/code/git/6bbb.html]
[praytimes.org/code/git/83a7.html]
[praytimes.org/code/git/cbc8.html]
[praytimes.org/code/git/9207.html]
[praytimes.org/code/git/24e0.html]
[praytimes.org/code/git/e3e0.html]
[praytimes.org/code/git/a2f8.html]
[praytimes.org/code/git/44b9.html]
[praytimes.org/code/git/52da.html]
[praytimes.org/code/git/0e73.html]
[praytimes.org/code/git/f05a.html]
[praytimes.org/code/git/6830.html]
[praytimes.org/code/git/a7dc.html]
[praytimes.org/code/git/0358.html]
[praytimes.org/code/git/f6d5.html]
[praytimes.org/code/git/697f.html]
[praytimes.org/code/git/b3c5.html]
[praytimes.org/code/git/6325.html]
[praytimes.org/code/git/750f.html]
[praytimes.org/code/git/a5d5.html]
[praytimes.org/code/git/cf81.html]
[praytimes.org/code/git/074f.html]
[praytimes.org/code/git/4b73.html]
[praytimes.org/code/git/be0c.html]
[praytimes.org/code/git/b15c.html]
[praytimes.org/code/git/f6df.html]
[praytimes.org/code/git/370b.html]
[praytimes.org/code/git/a738.html]
[praytimes.org/code/git/f566.html]
[praytimes.org/code/git/666b.html]
[praytimes.org/code/git/2c5c.html]
[praytimes.org/code/git/6a71.html]
[praytimes.org/code/git/d755.html]
[praytimes.org/code/git/e1a4.html]
[praytimes.org/code/git/2ea7.html]
[praytimes.org/code/git/5a55.html]
[praytimes.org/code/git/bf5a.html]
[praytimes.org/code/git/0416.html]
[praytimes.org/code/git/f0d9.html]
[praytimes.org/code/git/9f05.html]
[praytimes.org/code/git/a156.html]
[praytimes.org/code/git/4ad3.html]
[praytimes.org/code/git/ab21.html]
[praytimes.org/code/git/7383.html]
[praytimes.org/code/git/3ff5.html]
[praytimes.org/code/git/997f.html]
[praytimes.org/code/git/0da6.html]
[praytimes.org/code/git/7472.html]
[praytimes.org/code/git/82de.html]
[praytimes.org/code/git/aeec.html]
[praytimes.org/code/git/0e50.html]
[praytimes.org/code/git/84b5.html]
[praytimes.org/code/git/3443.html]
[praytimes.org/code/git/8dc7.html]
[praytimes.org/code/git/24d7.html]
[praytimes.org/code/git/f150.html]
[praytimes.org/code/git/e9c5.html]
[praytimes.org/code/git/363f.html]
[praytimes.org/code/git/5bce.html]
[praytimes.org/code/git/bbe4.html]
[praytimes.org/code/git/545c.html]
[praytimes.org/code/git/2676.html]
[praytimes.org/code/git/159f.html]
[praytimes.org/code/git/7904.html]
[praytimes.org/code/git/f51e.html]
[praytimes.org/code/git/dcdd.html]
[praytimes.org/code/git/7eaa.html]
[praytimes.org/code/git/1102.html]
[praytimes.org/code/git/adfd.html]
[praytimes.org/code/git/efda.html]
[praytimes.org/code/git/5520.html]
[praytimes.org/code/git/e136.html]
[praytimes.org/code/git/fce8.html]
[praytimes.org/code/git/8272.html]
[praytimes.org/code/git/1f10.html]
[praytimes.org/code/git/a7de.html]
[praytimes.org/code/git/1c6a.html]
[praytimes.org/code/git/3391.html]
[praytimes.org/code/git/acff.html]
[praytimes.org/code/git/ed35.html]
[praytimes.org/code/git/da9f.html]
[praytimes.org/code/git/42f1.html]
[praytimes.org/code/git/bac0.html]
[praytimes.org/code/git/ac44.html]
[praytimes.org/code/git/979b.html]
[praytimes.org/code/git/9ce0.html]
[praytimes.org/code/git/6714.html]
[praytimes.org/code/git/1546.html]
[praytimes.org/code/git/568f.html]
[praytimes.org/code/git/monthly3ae5.htm]
[praytimes.org/code/git/0374.html]
[praytimes.org/code/git/simple9597.htm]
[praytimes.org/code/git/ad57.html]
[praytimes.org/code/git/yearlyb0ed.htm]
[praytimes.org/code/git/6b9e.html]
[praytimes.org/code/git/6098.html]
[praytimes.org/code/git/42ae.html]
[praytimes.org/code/git/a120.html]
[praytimes.org/code/git/be09.html]
[praytimes.org/code/git/e39d.html]
[praytimes.org/code/git/f153.html]
[praytimes.org/code/git/afff.html]
[praytimes.org/code/git/6d17.html]
[praytimes.org/code/git/dc4c.html]
[praytimes.org/code/git/6368.html]
[praytimes.org/code/git/1026.html]
[praytimes.org/code/git/19f3.html]
[praytimes.org/code/git/99ad.html]
[praytimes.org/code/git/b6ba.html]
[praytimes.org/code/git/6e81.html]
[praytimes.org/code/git/a93e.html]
[praytimes.org/code/git/7c3e.html]
[praytimes.org/code/git/9fc3.html]
[praytimes.org/code/git/9d4a.html]
[praytimes.org/code/git/15aa.html]
[praytimes.org/code/git/80bd.html]
[praytimes.org/code/git/8a75.html]
[praytimes.org/code/git/ae69.html]
[praytimes.org/code/git/3267.html]
[praytimes.org/code/git/8c35.html]
[praytimes.org/code/git/06e6.html]
[praytimes.org/code/git/4516.html]
[praytimes.org/code/git/7f81.html]
[praytimes.org/code/git/indexc12f.html]
[praytimes.org/code/git/index8a44.html]
[praytimes.org/code/git/indexb8c0.html]
[praytimes.org/code/git/indexf9fd.html]
[praytimes.org/code/git/index346d.html]
[praytimes.org/code/git/indexc2d9.html]
[praytimes.org/code/git/index2002.html]
[praytimes.org/code/git/indexe4e1.html]
[praytimes.org/code/git/indexce0b.html]
[praytimes.org/code/git/index16f3.html]
[praytimes.org/code/git/index24e0-2.html]
[praytimes.org/code/git/index2db8.html]
[praytimes.org/code/git/indexb524.html]
[praytimes.org/code/git/index70e2.html]
[praytimes.org/code/git/index57f5.html]
[praytimes.org/code/git/indexa382.html]
[praytimes.org/code/git/indexace8.html]
[praytimes.org/code/git/index8c0d.html]
[praytimes.org/code/git/indexb517.html]
[praytimes.org/code/git/index4055.html]
[praytimes.org/code/git/index1d08.html]
[praytimes.org/code/git/indexa2d5.html]
[praytimes.org/code/git/index9f55.html]
[praytimes.org/code/git/indexafeb.html]
[praytimes.org/code/git/index6bbb.html]
[praytimes.org/code/git/index83a7.html]
[praytimes.org/code/git/indexcbc8.html]
[praytimes.org/code/git/index0358.html]
[praytimes.org/code/git/indexf6d5.html]
[praytimes.org/code/git/index697f.html]
[praytimes.org/code/git/indexf6df.html]
[praytimes.org/code/git/index370b.html]
[praytimes.org/code/git/indexa738.html]
[praytimes.org/code/git/indexf0d9.html]
[praytimes.org/code/git/index9f05.html]
[praytimes.org/code/git/indexa156.html]
[praytimes.org/code/git/index545c.html]
[praytimes.org/code/git/index2676.html]
[praytimes.org/code/git/index159f.html]
[praytimes.org/code/git/index8272.html]
[praytimes.org/code/git/index1f10.html]
[praytimes.org/code/git/indexa7de.html]
[praytimes.org/code/git/index9ce0.html]
[praytimes.org/code/git/index6714.html]
[praytimes.org/code/git/indexf153.html]
[praytimes.org/code/git/indexafff.html]
[praytimes.org/code/git/index6d17.html]
[praytimes.org/code/git/indexdc4c.html]
[praytimes.org/code/git/c12f.html]
[praytimes.org/code/git/8a44.html]
[praytimes.org/code/git/b8c0.html]
[praytimes.org/code/git/f9fd.html]
[praytimes.org/code/git/346d.html]
[praytimes.org/code/git/c2d9.html]
[praytimes.org/code/git/7750.html]
[praytimes.org/code/git/cd19.html]
[praytimes.org/code/git/9b9f.html]
[praytimes.org/code/git/2002.html]
[praytimes.org/code/git/e4e1.html]
[praytimes.org/code/git/ce0b.html]
[praytimes.org/code/git/16f3.html]
[praytimes.org/code/git/24e0-2.html]
[praytimes.org/code/git/2db8.html]
[praytimes.org/code/git/b524.html]
[praytimes.org/code/git/70e2.html]
[praytimes.org/code/git/57f5.html]
[praytimes.org/code/git/a382.html]
[praytimes.org/code/git/ace8.html]
[praytimes.org/code/git/8c0d.html]
[praytimes.org/code/git/b517.html]
[praytimes.org/code/git/4055.html]
[praytimes.org/code/git/1d08.html]
[praytimes.org/code/git/a2d5.html]
[praytimes.org/code/git/9f55.html]
[praytimes.org/code/git/afeb.html]
[praytimes.org/code/git/6bbb.html]
[praytimes.org/code/git/83a7.html]
[praytimes.org/code/git/cbc8.html]
[praytimes.org/code/git/0358.html]
[praytimes.org/code/git/f6d5.html]
[praytimes.org/code/git/697f.html]
[praytimes.org/code/git/f6df.html]
[praytimes.org/code/git/370b.html]
[praytimes.org/code/git/a738.html]
[praytimes.org/code/git/f0d9.html]
[praytimes.org/code/git/9f05.html]
[praytimes.org/code/git/a156.html]
[praytimes.org/code/git/82de.html]
[praytimes.org/code/git/aeec.html]
[praytimes.org/code/git/0e50.html]
[praytimes.org/code/git/545c.html]
[praytimes.org/code/git/2676.html]
[praytimes.org/code/git/159f.html]
[praytimes.org/code/git/8272.html]
[praytimes.org/code/git/1f10.html]
[praytimes.org/code/git/a7de.html]
[praytimes.org/code/git/9ce0.html]
[praytimes.org/code/git/6714.html]
[praytimes.org/code/git/f153.html]
[praytimes.org/code/git/afff.html]
[praytimes.org/code/git/6d17.html]
[praytimes.org/code/git/dc4c.html]
